review_id,predicted_star
SE3NWk7exO4LhLrG-4fq8A,4.0
HDjbIqJJNqgOLezeikEA_w,4.0
_TrAAObnxO9ZHfY6twWB1w,5.0
jqjtghMH3Uy6mGYk7k9Heg,3.0
0c4Tn5kRB09dByvmcEWxbw,4.0
okNCshpjPBrFgjiunPw5_g,4.0
FoXJaw6So0q8aCDN4vaKyw,4.0
9EDZCpuBFus-WvnCEtSkvQ,4.0
Ng_IzE5v-VYK5f9e7ms0Gg,4.0
ETMe89vR_YlfBk0rHFc_rw,4.0
RyuGo6frJAt4NsgMN5VU8g,2.0
3ANCbVZXv_vG_KqCg5BUaw,5.0
xwML8vR6YLG6MWGmBy-G4g,4.0
nSblsfBmK_DYWKB2R9btNA,4.0
MfaGwegYcwbizHGmlRlJRQ,4.0
uB2rzQJA4FAWAjYhsiR30A,5.0
AAP8sBo0zlBOpvU8y2_p5A,5.0
NR3Y2T3WkgNgsDwNsbhNHQ,3.0
oYsfLKdzFX7Oz7B0txpN8w,5.0
lfFvyb8IUKtfKu8syx_4oA,2.0
oshK90_my5s8KNuP33vnEA,5.0
gKMdJFV51LToZaHd1UtTzg,5.0
g_huWJuj-h5ySOH2ptKRaw,5.0
tfEu4_7fiO_OiO9FZFxTWA,4.0
HUB8NNuDRh0kKS6FrvEKQg,4.0
KIHbG9EbqSTPJFZw_K4bYA,5.0
6nCCIrBRiG2IfPXUb6cPYg,5.0
DZYU6yP_Yq8UuD7OXEuT8g,1.0
0bcvLyr-3xNyM4-DerzIlw,2.0
5ep5KrxQmkS9Q-yYfvut2Q,3.0
UwzEwBwsUBek6Vn2mcROqQ,5.0
q-s-HpObKNYE0IkdKpOnpg,2.0
1z-33lDxrO8uend0FmMU1g,4.0
dqv_dtd1GEcQjbWUxBKqCw,5.0
ogmQFgCfqkVQo_iFIaILOw,4.0
tTHjCJvQQwCJN8-GcZOgZA,4.0
00Pf9TlMZBgn5EziQAlFKw,1.0
C4rcjVQObI5NiiPgjKxHnA,5.0
w34XkHL2ZSRS5eYoizL8bw,3.0
27fpU4WKZqljgI1o7VykDA,2.0
r-oTncAg_h0UC5W33SOM7Q,2.0
69yY48SDj-UDCKlGgn-nqg,4.0
BNNhg9tZcsadQWFT_gQfRQ,4.0
-RAazFUrFwjK72WEYMl9Nw,5.0
-spAj4A-zp7X7wHFiwz4HQ,4.0
IH3xRXwygeYH8orFRXfWCQ,3.0
ryffeSsvjQ_NzJMeaPFjpA,4.0
WRPCyUZ8U60vjNtN9LnQIQ,3.0
7McmKPDZ3OAgZZktQdx8cg,3.0
2YRVyeg-5pXkZ5K2LkBESw,2.0
tQV6GirvH1dYjFsGR50xaA,5.0
y1qRSXr3R1i8RNKZ-IKtIw,2.0
GCb1Auf_SlJo5uwSBETRNw,3.0
Ftie-79aDeaDzu3mkyAwZQ,4.0
p7vMNCPpUNxaskI_o6pupQ,4.0
a_Ilvo1En3VZ3bTSK-KwpA,4.0
gS_wbCsqXHp_gK7U7iLzFw,5.0
d616vNp4tZoaz-FV19bbjA,4.0
u6MYBUH_KJ3bK5RCPE8T6w,4.0
sIiiPu0WI1UC8qBj3wmERg,5.0
knTxVd3-ppOA5COtoU_Tpw,4.0
ecIhFFhZPQ_FhohQLR2ONA,5.0
gB7ZjbwvlSBWfPawBDCO0Q,3.0
bCTpKGXgtUxGHECnMyj5SQ,4.0
7ja6sCCLWSLVy52SmIcJ6A,5.0
qsMxFj7qzvzuuVJQnHBdvQ,5.0
yWJ0y8okzShoIah34ACuiQ,2.0
6ffxoZJdP6A0jW7cTxHQgA,5.0
PvgwlfXwBMvIuj3J-qA01w,4.0
2nWkb-Bnur3e4FCs8l7epQ,3.0
aBlbhUUd100tyPAYvurQ6A,4.0
cqS3v-1UxNcKLSgclap-ew,2.0
fZw6oyjD7H8wEJ6CjrTDWg,5.0
JTRlswjrk4RhGK88Kja4eg,5.0
uPc5Vo9qD3b0nH-vm60Itg,5.0
YUcLjdBMz_kGe84UbTk-cQ,5.0
7V5w2_WN2uOUsBL5-81pVA,2.0
_QPkW7xogLyiUl-7twR2lw,4.0
YQFi7qArAT_6XPoJM876mg,4.0
eWxuonb23WJ5lZK_keGssQ,4.0
raanYS04IA93V6KcL9vbdw,5.0
whbIDGqZj9zHd4EpLbhGpw,4.0
xwntN1JZWkF_PQqI3kixgQ,3.0
aq_fEdI61JYMgPCKj1VCSg,4.0
g1oGs0_gJKWHtU6Fm6CgoQ,4.0
NxlXku1BqXomnLGE-ln_Jg,4.0
lCisZXXXFOvidyjzj4Gfog,4.0
0dKXlRY-YpVxhdmTzzsTGw,4.0
43Ov43XABDfT8GsNjNt8yg,4.0
TGjPcGGwonB-prVjdSeMrA,4.0
yuZ7iAgI3qp8kANqQVnglg,5.0
Bu50-egt-4uska4t4FfdMQ,5.0
SgRgtW6zMqPIGQ6AmXtCgQ,4.0
lvM7-zg-PPeYO8nDeAL5Ng,5.0
N6j9wXudDYwJCX2rGKwOEQ,4.0
TfaSk3HVV5aCo05vMOl5Ig,5.0
xlPygHPd9kcUkW0VEGPX1w,5.0
_7Qu_cKq2HoGVUwECSf_aQ,4.0
zaU1xU0vmOSH4WpiATMEiw,3.0
8t7Q8pk3rzkfiOkU-ilo7Q,4.0
iMBnX5AlbVtWc_8vNwgrbg,5.0
nc7_TBoHXQLIrbAlef5dcA,5.0
x8SAjegcF91kVRfjCsyIpQ,4.0
hMvIuKaaYeNdXDzxuGv6oQ,3.0
vyHsTVhpieP7YqEyZSwdoQ,4.0
Hau5rQE3oS9c0ugozQilbg,4.0
PFEe-ccO0dRs0VA_UsD9Yw,5.0
5L_gla6vT71M3tC5vXfoBg,3.0
atPgxfKbM3btqjtKDUBOUA,5.0
y-Mh7U0Toj6ZSkQGc7IwrA,1.0
sTwruoUXia1b5CjPEhf75g,2.0
KRLCuL2hQidWuG3m6ZqlgQ,5.0
6E7K3_y22A_ASR0ROwGrNA,1.0
WF9RBZJFe2aJtNAIcD1PGg,5.0
-e2dqRuOqTThRCVGZz_NaQ,2.0
oPLS_C_3sp2P5A2YsQhEDA,3.0
KE9k35mdHDhyE7egko9BFA,3.0
8sLmXiQo1IL5jf_RXga5Ow,4.0
_YsZpNXj_cGyxDxquGRVZQ,4.0
ORf2AcipZdRtZdVCiSBJEQ,3.0
bDyLAQhLTg9Yvlq138aBww,4.0
QS-dOhBRHj5LunLYT5RcAQ,2.0
hdn4KTwKRgHLdOgAiCdMUw,4.0
ItP80GWFEEgv9tIUgc3jbQ,4.0
il8fBri2cJpeDsb0BV-85Q,4.0
kX0LHhgUw9hgqJUrQDIuFw,3.0
sBn1rOr4EtLJuAq5WLyN9A,1.0
8qP9Mjpu4Mz5gNAtaCfBMg,4.0
luVS_yYDsFXBnE1nv5bnmQ,5.0
GmX3KFclITi1o9WcIE41tA,4.0
JB7bnppWqpehZR82iJYeSQ,3.0
AMaGNol40NKx9y8wmyIeng,3.0
rhTpnuIFmrCDUxJCVAIPOA,4.0
yQzCg4GHW53Hda8vPwTGpw,4.0
LS36Wbd5VwhvNFX1_Rz5qg,5.0
UILGuAXoC-5pQ41S14fCEA,2.0
tnRANoyLhd2vMI8w6a_ihw,5.0
o8pqzwyqJPTBL7malQfN-w,5.0
IbvLNz9GymyvmadzgMIJvg,5.0
1fR98ukP9yg06kAG0sh8ZA,4.0
QBcGdc66ZRx1THNcVeb4FQ,4.0
8g5rWu6QCqq2b3T9JoGBdw,5.0
4xGowZYxfhkkWC2x03q_oQ,5.0
-LvhiKfXhftUA9BuNWApiw,4.0
nfUvohPybH1ioM1bk0YyPA,4.0
EPGK_LlQqR3qF0ePGBBpCg,4.0
ljQEV-vfrZZjuJZGpjADBw,4.0
iJ6F896oatQQSWv_ev2cAg,5.0
fMUuJceaT0QzArpfY5ndsw,4.0
ZcY3WOYOQwaiA2m10vM44Q,5.0
gkge2Oa0GC79ZCL_Z7poJQ,4.0
0yDrJKATUKHf36Nw5OUyTQ,4.0
Zs_-mRPAZqXcUSwdYQPvjg,5.0
5VrxFU-AyNlKinU6oI_CHA,2.0
agnkYf5jF4iI69Y8ERMIUA,3.0
VyHhdwFe-0ECsqeejOSQcw,5.0
CGqFTUUMqLMUEodTIDLsDg,5.0
Pc7hFaa3nnGfEjAY4mHdoQ,2.0
t_GJJHy7c7g55rbHJA4OOg,5.0
bWHL3ORJYaxvERw8s-y76A,1.0
BP2r8LIjlIUO9buIKj9PQg,5.0
9ERElR4hOC6EhhkHIm1fCQ,5.0
ED78WVpMZsx52fqeQuWHqw,3.0
uU8_a79MtCEUArRrYcx3lQ,5.0
QN1kY4KM27wQ-Egg-Q02oQ,5.0
15QfoOZy40TbXAUM6z4iPQ,4.0
2vOajUsms2EThyWmeGoD4g,3.0
J5SDPZsirwZnn8m1N08tIg,2.0
Hy065tKBjPUsPfovVVYAWg,3.0
Vzse5Wz-bIHFNJQyEhaRaQ,4.0
JSkZjOwGDfYieE3XkpXZiQ,5.0
edpko6tgvMTiZrigKVkB9w,4.0
cEXgwSaEwHa4164uAW40Ug,2.0
bH6bd3b8PFU8AxLVDRASAQ,4.0
vLVTHAwJaePJDcSbNNE-dg,2.0
TcGwsh4SpGOw_e3gj60XBw,4.0
5OAEjbzu6E9TVCGdvkGktw,5.0
mljJ6P7VMkG4mojb94xqiQ,4.0
jw9UmIGMPVoUcHBY7wbBRQ,5.0
9rE0O62gZ1roptti2ii1EQ,2.0
wN60MSvRif3ArcUX7wDkvw,5.0
tycq2tBZWlvyxlxDsFIpXw,4.0
Z6U2A5CMp9aUdV76cM6Bwg,4.0
KzcoLHYyeO66W2txtp1mzQ,4.0
EwRYRSv-FJFitiIOSm52GA,4.0
Qjilv2UYXvS1PcSQC2k6_w,3.0
H8VhnDNVSTWrqjhH--uYuQ,2.0
iO5FprdZjNqm7fnxJbK2MA,4.0
qv67xLMMnkSf6f3ZlLOCzg,5.0
fzabwPkqTTKDKTcsbIKjZQ,4.0
FBOYzGS7Agj3BDhO_BNa7w,2.0
zVOLZB4UqfQAmPzi9Qtdmw,4.0
7hVfuxQlAXlfB7-2bR81WQ,5.0
lnFmTtddlWZCl8KefYFKDw,4.0
sgzxigkkqyrG_Uj5XjT2AA,2.0
nKZn4WI3wxjmJbY1ilmFEQ,5.0
dRTEl5TM0dwMTjUXLbMDVA,4.0
-gkSwqa3dojpiBklW2I0Fw,2.0
541CWhbgrbtQQMaByYAT2A,3.0
EPjR70ifrmtYNJXrqCz7MA,4.0
lapSdnhL_eIv5mXdOP6_DQ,4.0
ubyrG58mx2E3T8nBpTXPOg,5.0
D_FBl9xRfUwaI-XvJWpR6w,5.0
e_Tc7Ord6f34w2Y91Vq03w,3.0
QZgl-h8aaHpkZihrQNFFCw,1.0
4xK1xqwAa0zCNGnnhDuAGQ,5.0
msFgvoCzR_DYw9KfYfBJzw,4.0
SZLU9077Qkim0BVt8ArupQ,2.0
JYfspG-ACLywtoHgZd80gA,4.0
PAYiEsMsr37b6mlAaoBZxA,3.0
8nogXkKLsH1qOZsT5AnAqw,1.0
beVemasoXtCvTsi45UOfeQ,4.0
jyAo8DZIRGDMBsadtEe-SA,3.0
iPjtKyzy1rhWla3Q0znIyA,4.0
5R9dHLBl9mOw5YUzxz5NaQ,4.0
9vbjvTMW0Ixv1UnRIbHHaQ,2.0
xHwTKVMNrwExZ484CSjUOg,2.0
avsCvUNS8rL0vjcqvahCYg,5.0
enqFRS99xyS0K0oAJF_f4g,4.0
zhFnH16_gIixWkPJU8cwHQ,2.0
rnuEeuP0MvbsG9PRH6SqJw,3.0
p14TY4OzVhm6U8T6NX1BaA,5.0
zGAvrElaD6VX0heJuWvGTQ,2.0
vCv-e0PRg-ckRL2-KU0sJA,4.0
WnCFVuoe3zqi6OvZzJ7m7g,3.0
n1MnmhP5tqIKUgr7DT9qmA,5.0
GEbK7dagj7kMiZ6dau790Q,3.0
d4Z7hH1QEGfngCXdvayFQg,4.0
-UmwvLs11Hqekcc9qY9law,4.0
IwPCrqxU2mWSZnmuwSTjHg,5.0
aiqSdDRU17JTDD2l8jTKvg,4.0
NuNM420iR5gDRtJkTewdUg,4.0
8nkHsOgwQHX-wqKxAIhUBQ,4.0
LpIIeMzeILAplYee1g6Pxg,2.0
rnBPGIX-5VkKvU9dGO8iNw,1.0
VJ8NG2-TbfpOqqvLY-02aA,1.0
WvsHLKEfMiYgerg1RP8P7A,4.0
Asc2tpdAmDWya_JH7loLZw,5.0
dJUEoBOFuolhfen-upo9Dg,5.0
DGKggTNAjVJTThjqRPyQBA,5.0
99OnGvt-cSss3a4yMcz0jw,4.0
793LnYKsqZTPOnBy708tSQ,5.0
OEMH5hi_6AlUzT9mnF_rVQ,5.0
fIKyWEq32KYWhKvb1sB93Q,4.0
xvEod3IqZz0iricm4C-GNA,3.0
RKrA8HwcfrPXuSrkJM90pg,1.0
bH5T1cCGVBWpKdWkMaEVMQ,5.0
yTqQpJCU7vi9mmdcz7fBfw,1.0
99Vrj00H4mgtk7WXSu5xmw,2.0
-mxkJQMfU6nne9yQar4IwA,4.0
U4QXL0BTd5dI8g35YgWRFw,3.0
RNz5OqqUCB7KOV0NE78d0g,5.0
V7_8vZWf4tLNFpmRKUIvdA,5.0
sDLlDj6MvxwJOvAe38JXhg,4.0
BFuFPu6Ygz8S-4jB-NKo8Q,5.0
oXDoto8RXqbsY7mJGDMq4w,1.0
i_kduNsyFylJ4Vw-_7Jxkg,5.0
-IGjhXkIbrUMuh8aTD9v_A,4.0
2yFOuuevvviZ7NE-F_6-vg,4.0
bDLvAJw9TSkLXHGvDUbuAA,3.0
Kb45k_XQiTIgR70ZVBYVfQ,4.0
hoJsPhesAsTkvVhO0wxa2w,5.0
ggCWrRSft3UJMEEnoUBWpg,4.0
F_Sapx6DwvuUDFDgP6j1UA,4.0
IoA2FnNmKv41TdVVwqpy-A,4.0
HN0uHI5Q0p9opm3W0eOjRA,4.0
xJEu7cOGIajtS3kP8bdbGA,5.0
HkiZu4bLNEn61DkDV-EbzQ,2.0
UltN0h2g5llf90JRDQ1HwQ,4.0
B2NdbO00elXypAsQN7wCIw,3.0
SEaVXVFJJicIQKDKOw9cwg,4.0
3u9W8jVs3efkaNjD9oZN9A,2.0
m4qUrZcQ8pkGb5HQcJWwTg,4.0
firgp5O_3-wui9RWrOJyOg,3.0
MiMN_QvN21eEE9gTqZ3Ftg,4.0
HOz9kSZD193XJu6tvlFEgw,5.0
knwV8T9iAiJXnOaRi2vzvw,4.0
MTWL0m9hUTQyzmRrtchPog,1.0
jFVxVJvvax9AiSW4TOSj7A,4.0
66Czr9QE4VntHzrgX_nK6g,1.0
pHqwpdbiA5h2OKFX4L-kSQ,4.0
jzguOEGcFmPTcPHHM_h1iQ,4.0
xzzc3hZmI0gqcrqmfw7NqA,2.0
YH7e0BW12_1L-jIcLormOg,2.0
uys3yUHHVPUH7yKeqlgolA,4.0
Dst2RA3k9V8wbbtR2z4vnQ,2.0
DJcPwQq25M2yjidEi4rDEg,5.0
r1n7ip-669sExoQ9Qcoh2A,5.0
Tu5bYnBnx-DMOyjXJX3smg,4.0
axFdsrRNeDCppCQ7kKWBXg,2.0
S4omMSi18I3E2eqbSJpnog,5.0
bHx-voHbZ6kLEbPT9J-73g,5.0
NAqJ1ZEU2nGYqUafvdxXJg,5.0
WRv45hLTuwjDYGz6SGObGg,5.0
xHRjLd_1qTst30IDqRh_Fg,5.0
ZuxIPPl1dgs9ayUdrFtSrQ,4.0
KdzmcTT84DxyXKiWbfLTjQ,4.0
1nGTGhyeH00KZ66pKwc72Q,5.0
JBY00r4Dadn7cZt6VmINmw,3.0
xEu2QJNFazAZUBIRNexdTA,4.0
W6LD8whJqv6YmX61qGmgGw,2.0
luaRiDaGiMN3e643VDLJZA,3.0
0lrix8A9tm3wYXdr64mXdQ,4.0
eckcHJ7GD-k4VqEp0l4Dgw,4.0
an_0scMbTftoYk7K9JWNvg,3.0
J-0lDIckojmC68ilsFtb8w,4.0
3nh0URvidRp7-dHjxUHbAQ,5.0
SomPd3Dz3PsKbW7N03asDA,3.0
U_omfMgonDj4Uol4BdKxfg,3.0
NyGzFpQxBQNQvFrssoN4zA,4.0
YOUp5doQbr2nXXO1QnEa_g,1.0
pjBDBGJ91h8qo3NQCqEcgQ,3.0
HcXeABZsqU9rD_EUXafzow,3.0
QMX70aZ8RkYricQqH0cEIw,2.0
Efuc5PTl-t-C6Xa0vewDAg,4.0
mgLE-eP2U6D3049YIUcwdA,5.0
vzKcplwzv2fftLfuTBZAdw,2.0
yJANb2O12mTw7SzWWwnVug,4.0
gjUQG8ifOAn97wTQXi2EFA,2.0
4HCwnWoXodZcJXcMH95xnA,5.0
OnfTSY3vY1hR485SeayZUw,5.0
ZJs0lzfiEYeF8iZ2BSzpVw,3.0
NOUtPdvKAjhXXbZSKXsK1A,5.0
W7HeDJHs-aG8CT4fnFubig,5.0
3A2Hnc69sQlQcd9Ij7NCpQ,5.0
TSammZ0ZM7DtJ0nKlpv4zg,5.0
tG3kDiCbCg42HCgeF48csA,2.0
Kj93aHRMRaadIUTgPDIFqA,5.0
5WycUS2qp3UXnDiNR6zKgA,3.0
i_lyb817znzVrrrcDSMH8w,5.0
S24EIsK5OJHC1ncUxw3DMQ,5.0
fgMlf0g2OHHt-q6b3gjktQ,2.0
PXSeBU0i_ePq4azM54ubtQ,2.0
h_cY_qp2ZHuo85R36VA0HQ,4.0
WcMryUFQPGpEt_5RR2hvwQ,4.0
lWuXy5UZNbxJ1619e9codg,1.0
3giD_YXL31sEveiBOWdrjw,3.0
3ttMHGwASETwR5npVzZOEA,5.0
vHMYjdDoVW9RC_qpDHU5Og,2.0
gsIDOyi_ZzyaJlaIQAGDvA,5.0
fBzimcHcu_bh2Vg8lX3OXQ,1.0
YMum2d_nZnndNhQnxODv0w,4.0
VkcnbeR-gGHi_idOHQfL1A,4.0
M2wf6by85wJMpzkSHJFwyg,2.0
ONtizSAqCTVtsZG9QcY7VQ,2.0
4Ap_LifsZSvGlbps-kwdtQ,4.0
7iO9oSXBvutzUnr1c1wesw,4.0
vZj__5dvHN2kVhDcBSx9gw,2.0
dZbFdt5XQ_0OWh8Lvy0H1A,2.0
6Uo7sWtFGeSvA_MdVNqfXA,5.0
AGcVE16BSSsJIBG3rGOIuA,4.0
AG4vp4zf8Q6SSsAzsZ_crQ,3.0
4zFBWySpiahPqaVPzMetPg,4.0
9n9uaTNwhCOBzIkz9p0rXQ,3.0
lratyVl_WmJBHa47S1v_iQ,4.0
Pl7fVw3Qc-kFEtiKWsWq2w,5.0
D-5wjxHL_UXD9udhwFs5fw,5.0
6BCkWDGFWr_RbQsdxJ4Krw,4.0
W9t5byqw0sLDM29ibuE5lw,3.0
Ywb1ahp3rbXMdA_vUtk4xA,3.0
v258QCKvTDFJI3y5z-P5bA,3.0
CNFKRHRXC54s1KsGQfo3sA,2.0
jq91S4PK_fzMDQnrZZSLqQ,5.0
ovVcPQ6kDwJmlJVwKAPbwA,3.0
8HIn4BUBEa_Cx80I3didcQ,5.0
CKRXPuUtAWcH_H3CmD2VNw,4.0
R6wg0TPcU8Qd_gvC4YriJw,5.0
6oxaW2hAyFbmPU5esQ1U1w,5.0
IyD2yrYndQ1wwZUsvGmG2Q,4.0
QDwKGqi6_JPtCVFTK2Kz8w,2.0
r9-4xmtc6xZ_vqlNjm0tJw,4.0
QsANWxWij7p89LgyPGll5w,5.0
5dxTFJIqd80jF1KDcHoyNA,4.0
xiNvc63pLRz6lXgpfqiEmw,3.0
7P7bIVMj8_W8BbDM4BqqxA,1.0
X34X4QKfQopj3Fwm_a_O0w,4.0
-lrzA6IRMah3q6LMVlOfnA,1.0
wiZ-mWFrs7FhVBgcvgVmow,4.0
lljYnu3IfVGAkfkLXdGiGg,4.0
IHZAfZk6C8pBgNjzjgdMaA,4.0
ui8stcPx1hlB2lg84B_hlA,4.0
mpc-bjjqIgDAJisgSbo3qw,4.0
JJICn3qmHwPV7ILfz3cMjQ,5.0
JTEuUfuzWUawpVIPE2pCwg,2.0
hrg1i4gfmTagYZzYZbtHEQ,5.0
QP-MRjLq9524ejzy3IwEUg,2.0
Hg-dkw5gMn6hBTaiu-slrA,4.0
zL8nmVpLy21ENI99hB7G9w,3.0
z97YxW-epw_LSHodefe2fA,4.0
mjNFpsW6MIq4i_noS8xiqg,4.0
iTzi7cx37FEv_hoNhFGn1w,4.0
BlR_dDsdhN07YM_O4WDX1Q,5.0
LAtaW8oOxSnFyTI2r5eQyQ,3.0
iPRvQN6RXX-vUxuyKVKJRA,4.0
YnUU9dba6GcuARaszvjbVA,5.0
7enpZI3XVH7afOQXRb5psw,4.0
qahwZAYnpGg4cdik1NDgIw,4.0
XRNiCK-m-NxX3ZMPbhUQ0Q,5.0
LSKTZzodm36eDbeK-ou5SA,5.0
_bcOjrcwjEg73qEfYTMxTw,3.0
wkHxI6jCufB57J61xHUGkg,3.0
565XVVbJopYv-t3bN8RnCg,4.0
jIzAjQQoQIYZ_6QpXRkiEQ,3.0
odAWgKPzDBde3wyVaAme5g,5.0
WXbHZcezhVNhp7zQVYTVMQ,3.0
eNoUUVDp68LVOAUx3xKBOw,5.0
LMWvga-dyEJvuEIsnfKu_Q,5.0
enc6pSFiltufcpy0-6A9ng,2.0
AThJO2i3vtQbH1XlnQo_Nw,5.0
kQfNOXR2EFU2h5IW-2z-3Q,4.0
8M8wq5MdmKNoEBLMvV8HjA,5.0
-N_X04_7DGG4VitNWn2-LQ,4.0
baXXDW6GCjxCAkrrv86OxA,5.0
QUNl7lRm8IIdKbfeonB9iQ,1.0
TnBKNyAFpDNToMiAEzBjlA,4.0
O1Lmi70y4LPzg8khTnTVNA,5.0
aEhREIvsm79DvazPRSgXgA,5.0
ORPYunLFJ3x1vRkDzhx2tg,2.0
Ajgtq4kXE8sn__zOCTE8rA,3.0
jKrg1LicyGVpsUIvOEJbmg,4.0
dQPvQWemdSEtZ8TrP4jl6g,5.0
Ahn-Zz3V_bqKvxVZOMJCBg,4.0
UO2adbTh_zHGscT8gZbQeA,4.0
Y5mKEb9nVvthel8z-Gcumw,4.0
6o8RlDcT-i8_N2IXObSI9Q,3.0
ODD91K8YB7Zh_Kd7xhgrJg,5.0
LO6iXU4j11_zdtILByNvVA,4.0
MpoDx_THHxeOlWb9BF71pw,5.0
s0C0TWuzK_37iiY8_j131g,2.0
bJ9CIa6NFfePqJroqVq4_w,5.0
8bDroNvpceGe1q50XGZc6g,5.0
aAXe3gYYhXMwSeCzphiofg,5.0
NBc9qXYuJ9DwNVZevRlPbw,4.0
j-q_wk6K2zZgethr-Nhy3Q,3.0
1Ys8JZin7Eh1GwpO9H0Lpg,3.0
WP6D6rjtuUBExBcge1CvbQ,4.0
9HBtX0DhKYj1Vong22QulA,4.0
8mf7kk6XoFN5F90czSrhmA,4.0
-U-sRXlu-evcCW8AiMFPAw,5.0
r2UueZTE-GFQvAZQs4YZdA,3.0
aKGsoZFN9kgMw8FLw5y65A,2.0
q0rgNrhGcekHa5ETOzZhBw,5.0
MlQ6nE1t4APvI18nYqCEBg,4.0
T4UPO4UuBKwZnXf6VsFm4w,3.0
ZVc8mPgw80KzzZkoqYcS7Q,3.0
ipfm_OttELb_NdpZQoFECg,5.0
qCcN-VX18UB9Q_gIy4kyDA,4.0
r6YUZ6bvA-MHRmB09EG6tg,4.0
0h_NU90Gi0SyTxainKAT2w,4.0
B7fP_5iw8CTd49UCkVvb7w,4.0
NnxFqTUpDjocSNvRAj7fUA,5.0
sJkf6nmnN7jIAbo4QbOt2Q,4.0
HHR3vlnfGG71gBkC-ylTcQ,3.0
H2OOlVTnO4vw8_youVDFmw,3.0
D0JnsuzBc_xItr_R40oYzw,1.0
yCxU7f1iW0JOgrjtor-60w,4.0
EYOx1R7s54WPhOl_mqPLkg,3.0
NhidAaf6UCnnDcZCrGZBjA,2.0
w84QcugiQInDDpSWjf_s0A,3.0
XxkXp-qFuqE3cfBergJnfg,4.0
wGINlUBsJToqCwJEwTYjuA,4.0
d78v_6aqbz7E5iQw_YnRxA,5.0
SvJEnR74EPD1iLk0rMUGoA,4.0
uqpSweJoJ4Ehnf4gdT4yEw,2.0
xqH-eszXVhUgF1xuBLMLNg,2.0
YvZ0iBeqDy-ms-g9WsQpjw,2.0
RWY-K6ETFVgrUnwIbE-VdQ,4.0
dtxgScZc6xoFkg-GbaeDJg,4.0
UPYwqLVvZC5QpTzvooCzjw,4.0
l9NHLf-2ZKmL15tYdiJb-A,5.0
m1sNmiimyMd674mNs_cfvQ,5.0
V5atGUGyNioMrJkTa6zrVQ,2.0
sqIa935TAmCZaZEUrv7DRw,5.0
jK8cFLTHeDkSgymuQxFo3w,1.0
VPDPlxvituxsFH9tw7Dbdw,3.0
7aKpzpyOIE2ax4OkEfvAow,3.0
2ERWMueIYQZaZ0_qJ-n-Iw,4.0
kyMOLp53VhuSVgTqWSGCxA,5.0
cQbQ1EA6mv4vfj_gkjM3xw,3.0
yYuHcPPSuSzIRe9ymmvE_A,4.0
EdPc9f2wDtmpyk1aAx4jcA,4.0
avsdrLGGXzwRMhrWtChRFA,4.0
sFACb9sY3zwNYGEEMb3q0A,2.0
SC-YeMW41-0ZaYdIv4tiBA,5.0
8G63EFjJhGpPqIj0psB-aQ,3.0
PhR37WoSvuRlPGD76_PxMg,4.0
qCDdL-6tXDfnpFXxTS0TEA,4.0
yaOb-IgyMipgDSa1r0wmHw,2.0
-V6goY4QKN4SceQSYwnUkw,4.0
9ceRv2-G0dy71kxzue3lLw,3.0
J0EGS5cLzP09nyBEifEfMw,3.0
1s_JLBh4xAcRAQ4pOLLvBA,5.0
5sQ5mxVV_rLTyqIIhOlQuQ,3.0
cjrqfY9DKLu21yJwQwGa8w,4.0
r204Doz5HoPEbI4cVX-oGQ,4.0
66HQDlii1YJMDYsqnv8i8g,4.0
M_LNcuKkvBUhF303wbg4Aw,3.0
iu2SQhsO_V6JCPerFiDSgw,4.0
dgRwyuzLCCffbJqNwqAdwg,5.0
XV3Wanp-9dbb1nvvR6JFGw,4.0
BTN2xNMHz1eU9BwR1Wx8oQ,4.0
lg41MCvo4gTTC91DGBcq0w,4.0
X-w-G3gjflgyjSgQ1VQwlQ,4.0
_jYS1pzcGV_PXiYniLZV9Q,3.0
NHx-_gKwhY4BRbo2CUUx1g,4.0
3QE4VPPHqkcyliOKBKVQ5w,3.0
NOnhyCwymVE8mpfc1OszvA,4.0
AyYQ4Km9wyDYlKCTLARusw,4.0
gL3nLOr-7bxAf77IrVcueQ,5.0
IbjaJeGa_29USXUXxaHV4w,5.0
XCNtjr_LAzCkLugJMUIx4g,3.0
h9AQ80pFuT9apIVN-ZRClw,5.0
YjdRu2WWxFQZWh9ad89HvQ,5.0
eLZrnCV2ujiX1yv_a4FFMQ,4.0
imOoLFMUU5vU6OV4zNm4hw,4.0
XtgAtJyUIsYFso-saDv_Sg,5.0
CQNTG7EaaWpZ7js21eGAPA,3.0
wNvoSFRAH0bUjiAxALvo5A,2.0
jsHm55p-yGlEzNuQgZkehQ,2.0
VB8O_H1HcKY321u9NCoCMg,5.0
tjGgbf2BBOfRNef4OpEJlQ,4.0
Vhl3basSrB5RwQsnl48jcA,4.0
CeeeaWrUXgqKqMzxiSbF4A,3.0
kjDmoZUNLa5C6NPArFmn8A,5.0
mKGlP7DDmRgP6JQ6xldMpQ,4.0
ur-K-xCPn5FE1q0fPGtFtg,5.0
NJAubNEDmKjWwr97X53fMg,3.0
lce854VPqMiOf3bwsCI-nw,4.0
ndPVwirckZlxdtSwyxda_g,4.0
tA-AoN-y3sCMbAvsCal3JA,1.0
FZzHUGC3c3lRt2UyAbdq_A,5.0
uh1SLoPjUV0rEln4lp9mpQ,2.0
mruDmy3QqQn1tDVSjnRgkg,4.0
ZAuj3ifJyeUp34Up3Zk-jQ,4.0
aztcfNCKGg3wGpmvuORn_Q,5.0
L_VMvEHDsBb0U6XtsTQrjg,4.0
j0QrOuJj2bc38YWYOn77bQ,5.0
qjGHHJvVTGMkeB8m0_pJgg,3.0
ZPM4-jgfcTPkmM2MYaGYPQ,5.0
r0oNF1Ee_IMip0iJdkT3jw,2.0
ePwsNIPpvRkqYuMGgfSr7w,5.0
PAthFC7CJpHUSW447XWTkA,2.0
Vq2H9YobFX5T1-YPhEu-fQ,4.0
8jDaAJ0m_BDyQwW1rRd4Qg,5.0
WAaBrSDTRgFGj3jDes1HNw,3.0
Ho0sZa_iXC369cQtxpPPuQ,5.0
jsr4XFJXD6nrjSSz7UJzug,5.0
ThyHPHWobUZPR89XspEFpQ,3.0
T08F-CfHMFh5KjBOPDiLSQ,3.0
00Zg0JUo6xRRrKgbWbnlxQ,2.0
B06VWX47oORTr6lwF9zjTA,4.0
RRhAeIwI6w3I0HEoZOg1EA,2.0
1FOf4p1VEW4YIj_fthdlmg,5.0
N9mQEJcTtMMaWgmAebcvRw,4.0
ltRXsIa3nBnsQ16Wv66VWw,2.0
XKqyid0gsb0ikFZukO0OOw,5.0
IDXwXS_BtT8Jv5dtM7ZyQg,2.0
Z1mWLnFci6oc6-2raQvfOQ,4.0
Exgxl5JFI48DaHL4T5_NJQ,2.0
3rx70DUyBHeCPObxrlN7Og,5.0
DC6kZumYR2AhWuXRK9K47A,5.0
HWg7xp3ISEO4erMf6pX7-g,4.0
XUaQL3tz813IvhLwULY3Qg,3.0
xRlYXi0d4iAVIqPM-zAo2g,1.0
mAPdXH1eLEJfdjidJu_LKA,2.0
gaUMr0VCTE1U1IpFmDy3Gw,4.0
j-3DsnbjVqrpoG1ZwSEbHw,5.0
Tnbfl82uVKogaU06vvJOVA,5.0
G3slOJSxGwveCl17_ZB_KA,2.0
XCcMzIDarPsq2B46mG2QpQ,1.0
amvNUEuzV2wAzv2rOEg5BA,3.0
d3YkNqM1yRy-ghGt9nhC0g,5.0
KrgagRAqXUcoYhtgnsGUcQ,4.0
9FXOMofQjTkX-aVDElh9KQ,4.0
JoxZzCCdLlECmSkNdyjUDw,5.0
YZZNziFxEuZWt4nCQT6CMQ,2.0
Bsm_JLX-1YmJK_6ys3fqEQ,5.0
fu3PK_3O2x2klFyjcIsG7A,5.0
Ke2QkwVhrB4OvcnWHVM2Fw,2.0
cfNTQDcRc40uzK8pJKlcwg,3.0
X_3BJrqCQKLjJ74L5Xq0-w,3.0
bUu9_lSbgi8lbhh5iZ-uzQ,4.0
NxlXO_BH8bJ8OtZXmfhXag,1.0
M21EBjyuVediCvWPEs-W0g,2.0
-ep4NIA9_YXSlc2emblXlQ,5.0
0aae2-bP8qn44iYi7j2pyQ,3.0
IhAC_sQ12jHppOKv6Z91IQ,5.0
4W0Y7c6PHuwKbn5VxtHXfg,4.0
g3e8wC_0R8zMdUv63LxFOA,4.0
xfaxbxcmQwrFIL5Dsn-b6A,4.0
xk800FEmgZomO47xkAv0KQ,3.0
ujiN_KGWgpMrNsVtKju3zA,3.0
dfqOYH-rbPW8p_y30n_4jg,4.0
5AZMHrNSCFnV6OHApZvFvw,4.0
7A1voLn7oXP-CbQ-anB_JQ,4.0
N9l8oWiDVWrumj1a4mMs4g,5.0
wHLUerC85luCwmgZ-lh6EA,5.0
J629DOs25SUI6Q3pt-SrtA,5.0
zn3ErdCtYXdAWwVIxjfrFA,5.0
QcBeHM-KfGZQlMH1g3TI8Q,4.0
bCai-Y4-qM82ahf9H59dPQ,4.0
jpbQsv-275GQ6wQtU54gMA,5.0
Y2fBpFlgYebyYj2FgTVnpA,5.0
e_ky9foiR9B8pcWbgJ--VA,4.0
nruAvohCqTpeOxdAVlgC3g,4.0
Yiz28nV5UDXjfZNxNqrAZw,5.0
VrqvwORZ3hE21OhXWIryMg,4.0
sh9QdRqy9tO5_3LumkmYGw,5.0
3d99OlyaajvaA4Qy4-VWOw,5.0
ai3SiTJ1NTYpNIsD40GLtg,5.0
f1VUmSHySRItFbUf1kxnHw,4.0
TxvcT7Aex9PwSGHzrkFkQA,5.0
WL2kbL5aP8UJxmoaFITtYg,4.0
RsICdyY5rAiP9HqUllFR-Q,5.0
yAHp-rTeo8Gy05fi0WJzNg,5.0
8Q--TM1o__cL0dd5XzmW-w,3.0
zUK1IGLq7o4SFtzdqNtnyQ,5.0
982tGaX1geefMQtcTmQBYw,4.0
1tLfzEJJhfgDXYuBXBtg0g,2.0
N8WZlCOPvKMsDClh68wU8Q,3.0
prab7Q2Iah2qIEMo2cfJxQ,2.0
9pgsXc0ngmfwUiEGT33ESA,5.0
Uq2Aauga3wOEHSgf78-7qA,5.0
1SzZNcoNWIPKWPoCk6BdVw,4.0
EznBGUQJy-sk1yRTr5CY4w,5.0
mVwtpN-0HUrvQH3hgebDZA,4.0
ltFKG-ax36W_B9mUR4IrQQ,2.0
uOdVOHt2IwBpWYpk_WCeYA,4.0
jomrq9YCs0wnpI9DsNKjlQ,5.0
huULNXcOaxejlVTcrHdcCg,4.0
5OKtAD6Gg0tDvfctKd3i4A,4.0
q0UkWsL45vd5vizJnzGg3w,4.0
SfaseNXL5p7_XEPVGrNcSw,4.0
AS9rszFM8IvhCHPS-SVoow,2.0
ghfdFbbbfxjhOfTD6PvBTg,3.0
Fy8MP1P7kdbg4ix_dozSiw,4.0
xUg8aDyOWHdwS5nph8oOzA,4.0
Jxc9HNHofXEIh0N_CbxqaQ,5.0
rtJ4uy_-RKV2vOhiYxZATQ,4.0
ZRSn1BvgG2CMSt0xo1y-Pg,1.0
t9mXOljGHH7sOVg2dbx2Mw,4.0
U8Hn762MuIMn5aEIGK7yCA,4.0
YJR5iQBQEgHuDuLpFWzPew,5.0
yTACZFd0rexl0x7RftII8Q,1.0
YOs5VAjj2Uf0ZCwQxO4Plg,3.0
mQ7CC_YVSFVC7br6Y8RJ9Q,5.0
NsaDPH2ZhSRgH2axF-iDZA,3.0
KzE-fe27el2cbyA6gBfEkw,4.0
dgqfzgxD8aiRclmFnTnO-w,3.0
8BqLuhEbGmWavi8cg5T-vQ,4.0
t00zprRjC3iRavRfcDNsQw,1.0
cp3U0J1To4nQCuBTAX3shQ,3.0
Fe2-pWSus96jM9oSXFJhNw,2.0
5mnhmZEQuNVrX_62NBeozg,2.0
FXVqKWEaboXqBz64Df8EMw,3.0
BOFzevn0VAGCMqA8doL2aw,2.0
S-1hih7v47ilI6fcpsNY4g,4.0
YwKLCdHTaJP5pn5DijS9Zg,3.0
dxIlgoODBjvJ_dHS9J9m_Q,4.0
pgztbA9n2Ig29CnlTwDYsg,5.0
VSfqBd7rmYLpapyIZ1yX6w,4.0
5kZSlmuaHkJLpN5E8RFIBw,3.0
HYMyA_DGEG-ETNEC-bq-dA,3.0
D_RH27qMR0ZbH5CFvbT66g,4.0
EcM3wPXUpGxivgT8C_qOuw,4.0
Epmm8GYLvO-NLhyWzr8uxA,4.0
Gs4Z1cyH0ACl6K5995dorQ,2.0
Xp6JuhRMr5Rul7BnvFLF7Q,5.0
8nDFXlqZyNPm_W4Tbei8pg,5.0
e4pEjjidb7wsfVZ-jP768w,1.0
x7UPoUtoUw_e9ic1KkvL2Q,5.0
uHTf1_5e5CqryiG_sJJjqA,5.0
oE84c9zEnEnBp-ObvpRQNw,4.0
mawtpWcz627LpN6h4xPt3w,3.0
U7XGfAskCPeElQsTOc040g,2.0
OIhZZxI3RES2PI84QGT50w,1.0
FLlyIOqcPFTsbWddZ3WNbQ,4.0
gzxp-k2j0Z5xeHAiW4wgUg,5.0
Wj1SMzxtXbBkRU18vWPo0A,2.0
B01zVzEq26DHiV9kVB0bkQ,3.0
enP7F0LVsA17g-BovFoBXw,5.0
yScelOayTKjfu56N_p9fvw,5.0
py7Tm3YVLmHhu1YYm9K5og,2.0
LW-9X08lIi6WBRsqKUI4vw,4.0
7b3izy-2fzhhKrZMnDZ5Tw,4.0
eOEPbW8I8EdWO0n51gbygA,1.0
D8GANuTCtbBnRaOEuVDhlQ,4.0
4vV1uWLT3Y9mD2urOCFg7Q,3.0
3Kvk8bEWeGUME8kf9oBfcg,2.0
JCKf2K_UclW7EmnQvw8W7Q,4.0
3y8K1eKJdTwsrbXhRIhF6g,5.0
q-fIsShNQZmlKqigQdnjaQ,4.0
uDbtdfjNK1FORmOvtfgQzA,5.0
DZpZoSNnhW0C8ZsGg9nkLw,5.0
9PwuckAIg6aVtkC7xv1eKg,2.0
ngD2qmIV4tTE1qnH59YDAw,4.0
JCS9SSz4WFHIAHiyiewZKw,5.0
qwAfp7gIm2i-42Mr9CMX-Q,5.0
ukrPX8KnJDu5hWzENK89Zg,5.0
tmYCV82a1hnuPFI5WZMUYg,4.0
5ivedROQ6QSucR9kp0TBwA,2.0
LMcY3ozu6DgEpqFlaPadWA,5.0
mBXi7otr3YoEMUjX9yKCuw,4.0
tdXaxpL7Ky954mI0W3ffGg,3.0
WL3nP95hMs6HI_bLiGGioQ,4.0
I1Z2xGYIRgPsbTNlODjaKg,4.0
gH9uFPL5IYVYnT3pX_z5Jg,2.0
yJ4udSuPIYgy4IcGTX9f3Q,4.0
NrSgT4SL8WpqXyNOMPdPlA,4.0
b46HWMjTlt8i6v3aNH0N1w,4.0
yiV8tekZAvWt0XOVOH8GLQ,2.0
1fjN5epJscUaAn3WS_Vybg,4.0
GtUXDI9wqvMuZmInjUc5cA,4.0
8u0pyjmCJAtO9qG17i0qVQ,4.0
qNzvHOIM1NegTxv8PigrLA,5.0
7dBmAYnCQDKiqO5aZert5Q,3.0
e2mOLkSIrubV55BcW71TQw,5.0
ZrvsD7PSyPolII3gp4-uHw,4.0
R8bxvitvohzDyez94fhTkw,4.0
R8n4OPC7YHtRDSmqOekdFQ,5.0
1Ytwk8Yx0O5BYYZtl9NzFA,4.0
neu4EQS6XrnTARA3zsVQLQ,4.0
VXH_Zejgo608tIEqE4Tu4g,5.0
rNvmrKUSNZkwR-RK5vtkZw,4.0
-ZHIzrTbF7sBDbY-2WMQRg,5.0
P_-qBNMHw0w7BDqmVkJEdg,5.0
zCC1aPKOnWnjvg7Jng4XhA,3.0
SJ5-bxtrGRLXxbiS328s9g,2.0
dkf2jEZ2wIh1wfEaI0CW5w,1.0
HQdPQQtrurevWwFJNzj0rg,3.0
CApIKhWJgX_RmCse4unD2g,2.0
ixImjBWWClyyc3qiidbFKA,4.0
QW3sPgNap_F5ggfuie6FWA,5.0
MKI6BgzcgG-3TLTuBJUXjQ,4.0
r6TNo0cv_oQ4aRPFm0EYOg,3.0
nHeyoY3Iv_Kkjj6zUTuvEQ,3.0
GZ0JL3E3_OTOhM-4SkWOTA,4.0
KDopUHMU6HWryR-9FWDfRQ,4.0
jzHCkMwmC-KlV6iLgYSVNA,4.0
N9v5dMrT2hIWSaS4S-hTqA,5.0
e07-HJGdNUTSXul06lcwNQ,2.0
Nonmv_EpSQcHC_4nM2sDIQ,5.0
0v2URjutfed-MiUZMjcHKg,5.0
fwvIAYhjcIiBuiS_VcGUQA,5.0
HQEJwsuEhNKibAF0ijc-KA,5.0
gr9nFf_CcDCNCpkuwkOcHQ,5.0
35ztKr4wv5t_2f7scHBIKg,4.0
QHiX4RcZdjqaKr7qxAc2xA,1.0
TtQ6vk5fI3Jz6p_S3tvEBA,5.0
YkhJPYKALGD5qFaqiEpT4g,2.0
1BBiLdQ8bOSZS2gt5uT-MA,5.0
PZiM0MM4e0ptHzX4cDVMLw,3.0
FKLL-gxPSPWwOHfA4B_Rqw,5.0
QnSuLlxhmS7lo6y9fvibzw,3.0
9OMCyC2TakpPm3it2pLhzQ,3.0
-hVp0bUAWsJODNF10qNl4A,5.0
LQGM1-C8490-7Gmnpr8IFA,4.0
vlYEbVlC1T7AngVuaVsJOQ,5.0
u730szRp826YH3uJno9Fdw,5.0
vdweiCfvKr-UFWrc-1KtNQ,5.0
W7gsrmtOG5X3zRrOZUO4jg,5.0
gMQg184VxjM8BUwf5_BwTA,4.0
imrOqk7UgVCw2oTyoiQzuw,5.0
31jbiugyFEpDPSz4_OwB3w,4.0
kP3V-5TWf18sGAEhcA2FaA,1.0
nJl6Eb5ElqoAD1vYSWUl0w,4.0
8zUe_yTCC-gdI19RGtBswA,5.0
1G_Sx-gYfHrI6R7cnu2_2Q,5.0
kQYhAfgaKslFKKYbQuLsWw,2.0
e43lRjKH_vlm19Rtf2DwGA,5.0
RsGw-3Q0JvFfwcN_ESmLjg,3.0
ia0aU3V09vGW-Id7BYOeag,4.0
5z0l1j4Q6gmQ-3u5-2SBow,4.0
31WcadUUSZZ66FmQkUZ2yA,4.0
BTavv71BKXMFQAMSq_bZJw,5.0
Fkm9asoPo2zqk7M4FfCEWg,5.0
0dLXRDvJ4TifRhizVDIzzg,3.0
-WJ8SEN_GW5IiB5LblrS0A,2.0
Q9Lr4GjIRq1OWz8MIg7z0Q,4.0
Jk6sF0QSB288jqxLeM3ziQ,4.0
gdXMTorEl24Vwi0ZDMPMIA,3.0
RRziX2-S2D8ZtEjUKs8YHA,1.0
lO-W4xsBkq6JPjJahPcBAg,4.0
QKQIvuQeu2kDhPIqJ8Arng,5.0
8vlx2Idy4elEzZu2DA4J7w,4.0
KSHLhxPZ8F6pBELcG4rGCw,5.0
QvpR0-HuWu_efeiCwABfsQ,5.0
k0cN-rFMb0xJ3xgAo-pjcA,5.0
_WzE2Wi_apGxIjnnijUwaA,3.0
pVh6qUJsxXTWkb24LRJq1g,4.0
uHvd0O-6CnH1haWuviEnXw,5.0
ZuKtWhg6tG100kIevNhf2Q,3.0
Kkh4xVeibEt1P1XHFb1Xbw,2.0
iycKtxO8zWfnR0QX2OZpJA,3.0
umqvFsx7_0RvFVqK9KLB-w,5.0
XLj4EQ6qsAHgJB-WeNDalg,5.0
9uxvVhVkaIZfdgF1ld858Q,1.0
rDM0l88yAmjRpIehf_RFhQ,1.0
g9DWBfzZZsN9J61xFWIUPw,4.0
QHyBTvZsg5l1Wwuf_kxjfQ,5.0
PyCRz9aoL-g7WihcG6wC-Q,3.0
Ce0K7EvRjw2kIgqbm0czJg,4.0
owQbATdtxhXEfvMQFgyXUQ,3.0
sbuzStnfH78fqPIrsPHpug,3.0
0qKdpRR7nsro_Q09_TQoHQ,5.0
c6Ur1q1OZZEETqRXIl5sDQ,4.0
Rvgo-deqdjaa1xaLb49j4A,3.0
f0GMqhpNq7A8YsjUmsNgKg,2.0
wnjvwaDkZv9KcPepDsg4eQ,2.0
vk0cAG3GKr8IjbYB-nQgNw,2.0
TsgpNt0m_gf_UImurq-oLQ,4.0
Wy4NFjvR1b4O1iYgFStNHg,4.0
OqPQxaJVxtn_BPoMstjA8Q,1.0
PfUw8VQ0qjZKpn8IwS5Pzg,3.0
23fHbJRDouHbD7niEGWrDQ,4.0
Cwz0jWwHNQYWuYEu3BrF5g,4.0
0PzdiTSz6u_fn8T83BI05w,4.0
LCk2ysynVtlQh0HthagOCA,5.0
N-XVAzgWjyBlrEhwI1vX8Q,2.0
3yiekDkvTsYOdRZYrC_vaA,2.0
2Fz_XwvsByHwAudVVMPOpg,3.0
8zO5rRKXq9u8HZQjTIJyWg,5.0
X6KQAABUXlAo2uvSXYp-7A,3.0
FnJhH4VGYbU4ePhhetDFpQ,5.0
owbgcZqEfEcBs_iPBJdVvw,4.0
2ibxjkh0J2bs3LOTCWJFuw,4.0
qcDyX4cQeqRmK08Ozhk30A,1.0
9pT3qn9taBDiQ_HdU3F1HQ,3.0
rz382o0wylwU97g2IEJpOA,3.0
E9RKRQKlMa3OE6U82ceySA,4.0
_GIQtQEMrkt6szuKpYnY7g,5.0
eW6E9mFi6s1zI0ELbw9zHw,5.0
SbJPWdHHWMfkmwnKn4_EvA,4.0
j0ZNmQtEuiFlKGXgHTZd0g,4.0
DK6DgPru2UUnUjQl1oIxcQ,5.0
xpT_et7AFozhq-jwVRfMKw,4.0
N22cPD82drtvrHfmWDK3XA,5.0
jPRf8ISwv6ECPxy8qk924A,5.0
2YALf0yn7Q33sVZYNbaxPw,5.0
E2bZ6rwb8wLqBYyoFCfw1g,2.0
NZ0xh3zek0M3MSDRq4jxyA,4.0
P4XXkrbSBd1zvZ2qyE2FbA,2.0
nXQYACZnGwnm4PFT97uedg,2.0
iTVkJ--vtY-WFoHqd3WVBw,4.0
SUOCnWpVX_hdTfnSvgDHeQ,2.0
pyR4yY2_vy0M_-u7vml-cA,4.0
2SXgE_77nXM53ULnmDP6NQ,5.0
4cS-RSnu_Irn-Ai4T92zKw,2.0
Q0IYzLLuSb9eG7a3lGlbZA,4.0
0UUYya41pWxifDzRFwinsw,1.0
gkGzNiQtneFE0r5Du5Rsng,3.0
18gHvmko23lJ-AkjSBcWrg,5.0
fBiy8F23CTMUd7HcpeHM-g,2.0
g5VONFv41GbYM5KL1mKmKg,5.0
aubrJJ_xiRAOOZhoklKpWA,5.0
nE60oJtLMCp9d3iI0fMexQ,5.0
xbtQVf8Mzl-545j2v3UtcQ,2.0
EOp6kAPn4lhJ_V44iS10aw,4.0
vNcdNPnPaf7hqVOGuz614w,5.0
ADGrAahcCTsYl1CMd6g7Hw,4.0
1xW9tnRc2b0q1ZvP_f2UvA,5.0
-1FbGvBFXB1GjxbmeyLq7A,5.0
Nq-todzh4VN0mWAiTc6sgg,4.0
sFMALciuR5yyCmxqtgQ9hQ,5.0
0ZjJDdWUaG_LBblWhP9o6A,5.0
fQX1HwSBMW9l5KBxKcRZSg,4.0
qKhWsEOE0SA-0lATTSUz1g,4.0
fOjVfbnHVmxv4TxN3D4urA,3.0
IAtdXQ2Nw1831yDJ5TVqnQ,1.0
WL4VSYerm_diLeUbudmVMA,5.0
-xEM2DTqmxzBlZ3HBQZBxw,5.0
Wg_Lov5ioEvEt-YwhMbgYg,3.0
8tbyYshQWnfVUbFeJUSv3w,1.0
zxfI2wKyEENsvQ54JuA8eA,4.0
xuV9iaZcWxsJy_ePIZG82Q,4.0
fUvE-_u9ELxUeZJWmenr8w,5.0
m3hf38UInmvmy5W_5sTZyg,3.0
ez3yQVZ91qEldbTj6eOJQA,4.0
-8wXAX4epL0clCdrXgqLjw,4.0
mp_vAksW3U1XccHceHW7jw,4.0
Mic3oyJnTvFuUc4f_TWxXA,3.0
7bU8nXVRGNItdaDYAtVbWw,4.0
ZOuz7-BRh9HDR-3v-_-FSA,1.0
4KYR3M0NTK1wo1w5sgSKLA,5.0
DBrHSCfWC3ItLdhb1HjP7Q,3.0
20fTvTco2C4vpxcMkUEM4A,4.0
GrRrsd_hXt5QSs73LCSL5A,2.0
UbRcfhYVkFj4ZZJuCdk8BQ,1.0
VD0Xq6PJ8H9uNSwgHr51sQ,4.0
eR6lsr9CgGovwVWtG1Xh2A,4.0
sKXk_WFDJQ1FhW3m8I3Z4g,3.0
Zyvwo16YD8LkJIO35OWFKA,3.0
7Ugk1XQoSRGOo1DtfsDC9g,1.0
CzJ2ymJ9zviZAplvqVh81Q,4.0
_mQGAwoX4NTouQn_BDUztw,5.0
GqXfu2XC3rQ0bktT-ghyRQ,5.0
sSfMeiTJhfYVrXEBmlAg_A,2.0
k2CjU7cRKfu3BpWOoBSG6w,4.0
kUVgmoimpo95GaCoFU1_xw,5.0
Snkhdq9J3IVyUH-eDp1GMw,4.0
s6AJtBZ8U2Du5FOkkVkjow,2.0
M5vFW6uHaxqesf2vZq2PAA,5.0
hpbAe3L14uxG8HdtsJN83w,5.0
jz0yZyx0kr0nwSueh5pTWA,5.0
HNupgAt8ZOzE1wHmxY1LmA,5.0
i9sEIOkd5T85yz92lLJ74A,4.0
gUarAUaa_wu7FDI_34-0mQ,3.0
2vgDiiEMqUxkQVS0TNmlXA,4.0
-mRewceZ97RvUf-IGPVRqQ,4.0
5YDxsUYQWcLHSrxgaGk4LA,4.0
30JZ4FvcpWj-UQvn0zt4Gg,5.0
BzF7ltPMFnvW4ISvwUSsiw,3.0
B_Q-saPXYFVy5SQk3NU7JA,5.0
qWIATfAFcEyMP2rbigGKXw,2.0
Uv2GvbO_OlwlSS2U3MJbNg,5.0
u8R_2LBOaeTflhoKTUdTuw,5.0
WEPtbKsN3t4LRrj6HsFKuw,4.0
61_BVudGhfiuQZSlP-dOOw,5.0
97A1XvTs0EF6k_t-974htw,3.0
tLhxNW8G_Fvz8WxhQXVG9w,4.0
EZRBZDvQt8fUXr0Uy1ukmg,4.0
YcEC4uIkPDSL9AnK70DvNQ,3.0
aGP211GvdV1A_LblR8s6cA,4.0
IYcRRpuf1tn_cZ63V24F9A,3.0
qqkPiNrF7VeICMeXmpj9cg,4.0
eGlqVE46S7EyQ5qeTVQvrQ,3.0
CwqYVc-x0oMKCEhx0I6MWw,4.0
bhP3X2tYsndixsjcDusMuw,4.0
Ko1DPyhbwrL2YJOpDH3fxw,4.0
P6xbkkLh4ECUWg2LqUTO8A,5.0
Y205y4L--0g_wwSeCCeRkQ,4.0
wR3REK0P_vggyaOvCpYqNg,2.0
ngAbfuuC4ZdJwLCTgU9Q1Q,5.0
tt0Q6jjQcGd4TKEMFumh-g,5.0
_bjj8jVPwCd__OQqIXK_dA,5.0
QGh9-hDql_XXcFsihA4log,5.0
xbipyWc13weZ5uQSaf7RVA,5.0
9YQ8QUTbrhcVWGgNthYQZg,5.0
4Os9IwKISTpvKFROHC4rbA,4.0
6p3PrdrQchZF0cUQ2JO91A,4.0
yU7gIcFdtYs1U7bFk7cTnw,4.0
v4eHRcmefPYPicOk--Djow,4.0
umI1euXDHqjWz01C7N6ZOQ,4.0
f28xvywIj87s3IldHNzoeg,3.0
UIyrsapwyhrNzSrvGMRuuQ,5.0
dBuwVwSymDOWnpA9muI9Mw,5.0
DGKxCepm9L_9ySC243hx6w,2.0
uSj5jsUjI0gFXxfPNgCWbQ,1.0
3Gejyz0J-r4N-TFHQDq9RQ,4.0
dWaJMQS47d4kALplaszM-A,4.0
Wh7aKYU6UGIlZcwvDs0bJw,4.0
ANZ77gvucubG5W-DVESKxQ,5.0
vZLE3KmFTJzl3zVEcFQMyQ,5.0
3TaKdrpMkUsA1UI-gtxzxQ,4.0
G4QR8sl1yDhlxTaIfd6NiA,4.0
QuMI138uw80Q7LH9LB4l-Q,3.0
mMErKNpRE3ryaCgPObvXGQ,5.0
Wc-Zneujx1Vp0cBxi1B7Nw,5.0
pdBDLyp3_P1mxf9zBZ0Y1Q,5.0
6pzfzqspHDn6DK67VBwE8A,4.0
3ezzdpN5zUus4QpRnfe6pw,2.0
-B4OLgzmLRpC7AhNtribuA,5.0
OiPX_Qq2VSM7AXNfKzN-pA,5.0
QgfWkxWJT5loF53NeOSeSA,3.0
99ttRm38lyRrqFdxUMAOZA,4.0
PGzp0e8rdTF-DzTXM9tmbg,4.0
pW9AOYfYuCOwF_joGqCdyg,2.0
UOeqcLWS23hgXVZJQwRvpw,5.0
kgUdbvG0xfRkMPZQmoXzUA,3.0
m2_xnMkkDUWavNYh4KCthA,4.0
qJ1cd-uvs7O7KdfdSrwgaA,5.0
5-Zye55Xh-7iAJcxnZNH1Q,5.0
Wn6HJmIt3Cgifi8RubjT7A,5.0
q5v0ZShqrAY267QUjqpBZQ,5.0
5iYxMATOhh68pa_7pTwwhg,2.0
l9Wxf5NsV99UkfVrLuOUrg,5.0
RuaYlU7gXPSHIc0axnvkZw,4.0
DNyboSz-Ubf1W3Jxsd5jBA,3.0
u-WlLPVD_UZOShObkEnAvA,4.0
qNZNRg8mgeMLU8pMJPPOMw,4.0
ueU3k-X4qduwgZ6r_g7EnA,3.0
W7gW1KRukUNiMVljZp4D-w,5.0
Y9pQsT0ra4qMyLIfEWt8Yw,4.0
9qOFKjm6zSJbyMlmoiJlRA,4.0
KpLH8_8oDxa1i-ZXHUv6tQ,4.0
rqJ5jbel5CAvZ4IQ-H9PNw,2.0
xHRlUaGgil2Oeu-xIfQT-w,5.0
f1zwyZ0tCPvovQ00w8MjmQ,4.0
FpYE-AggkklHFozzQ9GdRQ,4.0
E-N0Hk5fUkztbEuZHsls3Q,4.0
xgrYt3_iIj9aLGJndLdQfw,4.0
UkZu1a0AG2Lwhc88nB5C3w,4.0
XaU55G1eSM2W10M3Jm_kuQ,4.0
-BRr7Z0_VqzYs4nalkBPXQ,4.0
ki0jr4yDCmW5NFYKRMdxvA,3.0
c2BCBOcjngPmqB6n297xZQ,3.0
3R30ANSDiltH4loJMyfkxg,5.0
zSgx-J7O3Ov00UH2EL1OMA,3.0
n6DjFWv3RlNLj8uc08_eyw,3.0
Gv8L-Fkyx6BXtDrPzPeVEg,3.0
H03FSlLKnXI_V3I3lm4ciQ,5.0
OkfdUqDRG0ZRILg-JJTXaQ,4.0
TRiGVxyv9QetD6X1LusS_A,3.0
822n-vb2eQ6uElaafbpiUg,2.0
40Qy1LCmH2pm2IZAuYkJFw,5.0
zvh9qTb3OmQoQKLqwLxlYA,5.0
tPBvL6GX70OLKVEStwbBuA,5.0
E-g5ObKWeJjtbY5cRpABHg,3.0
3Ds308ZQYedXe6MDZlPEXQ,4.0
MZ6BII5f1ygHk03YBNM-LQ,2.0
4C9aeWR-T6DHvevaantGAA,2.0
fcHQbSUan1a8rkJcWlhhAQ,3.0
qSfdMX9F6qVkt_FPSXmd0A,5.0
1Bqp9smJZCzG8T1hfQZRSg,2.0
ea7Ms05PUYXGRGXAYav-pA,3.0
fs3lc_nr_Yaqa4VSGV0icA,5.0
g53rI-cG0yza1Qw08L_ncQ,1.0
H5W8RD1q6iUJhF22Kgsjng,4.0
GpeBXpAjjypNFTbYuE2PVQ,4.0
jPEbW_22C7qPU8d_8r4Xlw,3.0
cfclY1yAx7OsL-ECJwOCyA,3.0
TFhLZT-7KgGqnnj3KLRhtA,3.0
GPP-k10Z0NZqqX1xglkJAw,5.0
REyO-2CCrj4rBvurGu9lqw,4.0
Ltc1AHGrHAG2jeFuZ75QkA,5.0
fs71Lpe1Mjvruvq_OuC7bw,4.0
hWXeCe58ymp3V_LP8s5w4A,3.0
AWlk6Nrv0gTB661K2QoBCQ,4.0
dxn5_bwQATraOz5pOafRag,3.0
7pXyK7-m2J_wgzMmJtMF8g,1.0
h7OCcu2GBuXf-45XQQl83g,4.0
k4DIu-dPxWpqHKKVCEANFw,5.0
2gMDVGDGRossDe8FPYdUEA,1.0
WSzOd2C8nhr1nLvqPV7Gyw,3.0
J3XJdBbLNQFH6rHEYFmOxg,4.0
iLnjuCtqO2y8aB-jtVxtrA,4.0
zM7hfGUEKbYQgiB3K7gcDQ,4.0
PJgI-oggQcNdEIvRDxm7Fg,2.0
39CS9uVvALcljdDXLxI2ww,3.0
36LRjPqfA9WvXEFvIsHlhA,3.0
EDk56BmipeFuLQ4ud0q16g,3.0
V2rLn4fY7XIR_blAaR1vuQ,4.0
YDRdn90qMapbunZj86Jf_g,2.0
mO_eBd6Arj0mK5LEQxF1yw,2.0
Uem0-ckjBIzyjl2PsaTYDQ,3.0
SenNPAbsMo4vLF6l5yLZpw,1.0
GT6LLDWB7x4U3KIryVTqTQ,2.0
p7MRoJ4LrfwN7GX1gRdKiw,4.0
x6o14MGxcf7vsZNbyVoKng,1.0
eLPvkQlZgcAQoIYmPm1sQw,5.0
W_ecr3yHdfS4Pcc50KIdtQ,4.0
R4IcAFrMPVvK83ljyeCZUg,4.0
OhTPAirzBrH9wwPm3E9kvA,1.0
FqAfbRNopXXQfFscUU5rkg,4.0
tL3xO_XaLoNGGQr2EN7Mzg,4.0
-Qo6263hcjzQHJG_Ax8fjA,4.0
h0FHT-pxF8DzyqunzfvhnA,2.0
tC3Rq7RlnS-e2ju5QCay4Q,4.0
Alyplr46s6sk0UZZRTvN4Q,5.0
2KwEQEylh23TfuYvd1aSTA,2.0
nUwTlgIrw9mRLT21-Cc8LA,4.0
jPpw6BwIt2QWVyaW-tux7A,5.0
7Rkhmwabk5cp8zyhgUHZvA,4.0
ZmTsBxAvzEyNruGSRQ5oaA,5.0
FamW1jr7RWCZKpnZUXa_rw,4.0
_umtFbvvmz8Da-_bDRevtw,4.0
z1iG4FAK-WwLYrjXz29sJQ,4.0
QmCwu1wSvaYwe1i34otI6Q,4.0
Z8D2trRD8rAFtya5PZzMMA,3.0
aBSspU33n-yv3ewrmnMCZA,4.0
fwiRtIXIWEt571pSEjfUaA,4.0
kaPIEgoDsqPra_Gmpv1XTg,3.0
nAYYG1HU63DiJTit2tzShA,4.0
gvFq1fwaANT7lYeY3JZnNQ,5.0
g38vCQfohfUyzjOexrevGw,5.0
1f8dXDA5aivZCO-1zbF1mw,5.0
w7OZ22i4MprAQodRsZr9eA,2.0
aFpx8G-yP1f_Hz8GOdDAqw,3.0
wKx8DiQ9cGqpvN0fFOSi0g,5.0
9wfko_tpRWpcD4LwOyf9Eg,4.0
HD6J4_zqjjq_EV1zghmBaQ,4.0
FgGOJH0J2XA4eoPa0rD42g,2.0
AMootqNnledpmTSaZfjPLg,4.0
I5rh5d8MFfu8SpfFKyMsig,5.0
EcxvP_LcXS2MGgxvNXwCwg,5.0
jNHibcWQ0o8CcNFaW5W99w,3.0
8RaOGAUWjRKXZf9_3tgj2w,4.0
7AwHfhhMbSYyclMcP2JL6A,4.0
3M9_FBpMdqxee-9GDaM6qw,1.0
XVV3T3lvCvIi0yFZarXnqA,1.0
zOrR_ENeBtxKVl-1sG3mfQ,4.0
ZO2vKZscieFGQrHYxyWanw,4.0
M0N0mEYpocvYrl6C_kxjeg,5.0
g9StTO1_79lvx5QRuSu1zA,4.0
oqbhUMAHadd5ig6rXNxApw,2.0
uPq9zPnn1L0dWoQmbA2lDA,4.0
GCa2lEA7tjx5pl420r5t-g,5.0
GsaZKqkFoWiYtUXGtHowhw,4.0
GIUD3Uhg-cH7PDLLN8i5yQ,1.0
0BUPWrZEJ5HxQFAM49Ensw,4.0
XGHrAadUj_sK2wPdSHMulg,1.0
cIeF6K2kjNNkJ2pMKrGztA,3.0
6rK_0wPJnoFZz31miNYJbg,4.0
kbFi3yV_l1URpNZTrvYnhg,5.0
N1HPNUIfwpeGcBzw7YGkfQ,4.0
sLTvVy3l7RnfiYDZ2XxkTA,3.0
C_h7qVJ-SRzRGgkSHX6Mmw,2.0
unIs51vO7qsMGorPviTyjw,3.0
5fyFfoRzwod7pQbHERuscw,5.0
W__mwPwy9-T7V7hsCIq5eQ,4.0
0NvPK2RlUbaUe8On0kLILQ,3.0
x3vAbICR5qNwd9S83-2oLQ,1.0
AlPiMuNjetCZuwRY8ESvmg,5.0
yEb-WxPbKH6vmYLwmggfcA,2.0
eT2pGxUSQOWMnVtMNyloRw,4.0
hqb_YLD9yo-P0j58d4dljQ,4.0
bolVb2cEkJY84V0wKivJeQ,4.0
BNDAe34Mxj--Brkzcfi4QA,3.0
tr1AdlwOG4RbDP3n3vlgBw,5.0
arecSwgfL6L1ZyUndT9-2w,3.0
8DRvVVH03BauWjesdLtbdQ,4.0
_gq609Uodq1r5EPi8bhspQ,5.0
MNFXDAz2CwBHFSmtVMcIRw,3.0
8jLXvAxpl7bz8ytekmcDmg,5.0
sDh669RuFID_fh3pfeFOjQ,3.0
5jb1XV5u6J71TM9e13Q8Aw,3.0
9BfsJoa6uxwH4WR0eK1EEA,5.0
3NKAa-TMt2H7o0oBk3RHMw,2.0
LoWNaBP5QjJVjt8bWDuNmA,5.0
O3Hq0sYE9SXuhvJZI5UMPA,3.0
nWXbhRL_lj_iwa1l-y6Dlw,1.0
rpJNKJGSckbAzEVEr8CHjw,4.0
Af7wzWHVr_yyeEGZLoo1xg,3.0
nINBJDkuWbQ8V2WVMpOL3w,4.0
bR4cgg5d0oTW0fkJ15gnww,2.0
9JD8AHsifW_JJtlsor05Zg,5.0
O9io1Nbb7bHM19w1mK7dFA,3.0
vgp-kn-_twmKgODjlF-dKA,4.0
4MC7WJEbKGh3klgxu7KFlg,3.0
Z3gW3-hsLkmGlrhaJr8-JA,3.0
_2uH9WNc8yE0T55JBWV1aQ,3.0
wUXJKr_eTmH7I-hv73YWcw,4.0
kTxNM_ZdNwelGXTkNvfcgg,4.0
65GsyE9lsfbLeoKUy5BTFA,4.0
mJtaw7aurKHRQ1X3Ef5y7Q,3.0
_jYcaEf53CKXFMlo8RtY6Q,3.0
LrAa4Xgf5CjaEmVH05Kr3w,4.0
Y5Og1e-OeLxEpxPMIyqEFw,2.0
pvXmaOkr8jV-cdWAD4mL1Q,5.0
5vGTDtBm3zafVfgC-Cui9Q,2.0
UFr4pT1DUBID3zlHwFJLOg,4.0
U0_jxC98m3pdLnLEsF_kYA,3.0
2k7aVMKXmzV7CX4QOuz6CA,5.0
vHBijkj6P0yGDPlWO0iG7A,4.0
yw7RHD-rf_3C_5B_AGuJng,2.0
865pUEdpE8x90goKaCPaGw,2.0
CLucogIWxoKkRM8oD5rmyw,3.0
6022r3DZfvTatE7i9-FLjQ,4.0
lgUHzGgqTJMq1byOJD-OQw,5.0
N-L6llqv7F5bTDM08M0l9Q,2.0
_9RhWcu1SJXtLh2vwp_aqQ,5.0
JKkV4bWjilQ5W6TQCqsnBw,4.0
_2vOVbqOnC_gP7e1FVRrHQ,4.0
5t--WzP2mpoIWgzDfUZAcA,4.0
vV_C5nlvCC8ly72pHQiJvQ,3.0
x104J_KhI6BPEtDMF0lBhA,5.0
CdE17-NAnwuvGFu_AZnGiA,4.0
svVoGLAVb8na4tI0JOJ8pg,4.0
xXwQ6zuiUr3KYxsqlrZ17A,4.0
c6wcDnCtv5NrVThMNnk9jw,5.0
6KjCAEY5QZ6MUvYyAjZw8g,5.0
LmTgrEIuZxc4BMGzmYE2XQ,5.0
q911x6qtKRKvOl21rY-feQ,2.0
2r14YUMMTKDEIT6dALf63A,1.0
JipFyMeug52YVUSN96l79g,3.0
qx4-OqZgLbYxG5koe57Tkw,4.0
rISkmBCP1AToHQO5SqF3qw,5.0
6Lz8FA_L9sJzsU9FjCrJXQ,4.0
DzceY9A0Hq84Z-hKHj-42A,4.0
HV8I1PqggFV0mqjetaOg1g,2.0
IgM92D7t7LtB3eh3Bvae2A,4.0
g3M826pnnRZOt8t2BwPH5A,2.0
L7HJKv2SS-QV-s1zA7fREQ,4.0
poPzbRy5YCcsGeVSyse3jg,3.0
iknBvE_LMDWfVDXE2F2k0A,5.0
NW1hw_zD9gIELQMF7YEMPQ,3.0
HNEoVtBG6uI7gBIWMsIPtg,3.0
0sTKaUgZg_tfOJPUJ5ay-A,4.0
nKzyotEUbGf0LqjrsNqXXw,3.0
O6JyK-Av_KCkv16_7Bce6g,3.0
Jw2mrp9APO0H_xnfq3NffQ,3.0
EtzIL4UhQtMU_WW1uGPO9Q,2.0
IPfKImfteGS0JrbYXkGKkw,4.0
P7Oyqj-0gMMHUjd1GyfZIQ,3.0
kflSlFCbCfWY8WhhgUGf1g,5.0
2D_waLR6p6_7DD76dTOVTg,4.0
trin4jSgaBAsoSwkLqxj9w,4.0
Arbx6Nrmu3dxf-lbP_0eTg,2.0
WNwJWfRr7O9bmDX3msU0VQ,2.0
WvgOqUN1BLRYHq7KPxyUTA,3.0
55V3KN4MyCV4RPe89FFkSg,4.0
-FfiP7gAp2LMU96L8Q4nwA,4.0
_caj5dWzzUfJLToxr9BDuw,4.0
Sz4XNNtr8myy8KT7XkIEyQ,4.0
Ip3rwC0uYudavKb7Mrtovg,5.0
MF5tVxmjfbpa5IdjLeSUuQ,5.0
6wiPzXkYbayk4n4j01Z-Pw,4.0
nDV2ijPT-7M5HTpM0FPYQw,4.0
Hbqp-o0qpKR3uAWFpWgcFA,4.0
Hsu0s86uoEjxrfTQLqAhZg,4.0
RztzgcL1CHlBl6dglrulbA,4.0
VGeJ7flkySbUMEATEqbUkQ,5.0
wrpDLDt_F_16VV-GokGIEQ,5.0
XN5ypgSJgKhAnavxU4rVig,5.0
rvRJXFO0gHSJvcTgpphbQg,3.0
4SpfFeIpbgyG-FaJBf7xkw,3.0
oxMpsVLhgvX-SCLSX1GFXQ,4.0
lCF6KWrjjVUa6fPkSTAUnA,2.0
Rjr83Dlm2G9C0OlLjGbvnQ,3.0
qV0MqCpkXqXQT8ZUNUynew,4.0
oB-9h4MB26ftzj0jJn0cfA,4.0
xSs3scYMEs-PSDIaWfR_RQ,4.0
hADwGRrhOvM-3izOrr4dwg,4.0
9xyWU0BF_UtZ0lIkxuNofQ,5.0
QWdU9cWLzM0VAw0KZeoFAQ,4.0
xxdb2jVjxmSZRol5rc41AA,5.0
lh8NacdTD6XWYm9Y9y7mWQ,4.0
1K7q3aEM51VSNn--iVYXtw,3.0
yN6dN12m3LT--XkGLGdtIg,3.0
ighJdH6XsS-7SGemQrVvCQ,1.0
pSf6VlXxaaeFF9q2BMlyZQ,3.0
eSsK1LiDjen4mA0hkh_8sQ,2.0
HMf4Wk4U5OvZtsjrreJI9g,2.0
6wu-z7ttUGqmMF_ZkyNYGA,2.0
9E01pW8fT-rzO8aH4nl0ww,5.0
W0_ODRismW8KcthSu4SUNQ,5.0
eEaOJlxPzrn95j5g4QDS5w,4.0
ydTQ8D9yIn92Ouo4zfL_3w,3.0
nElDGAInk8vxJ2uMZivpYw,4.0
Afv8sIv8cGWkrBk9oqRcmQ,2.0
IPjNzZHNe8U7C5J5btgAzw,3.0
UA0RdGsguL6BRdygPY-2sA,4.0
PEgZ-FKb9N-MmnDbf0oKOA,5.0
UfhJWvyr2aa6GUEDjuLm-g,4.0
L_TySGG3GTdGeJeRzLsUTw,2.0
AVD020pRBn1Ubnrk-A3WPw,2.0
l2gJDbtHrXnrAvfrbjQZIg,5.0
xOEMDIk7JWNesQ3UwxJo8w,4.0
88wsM7xVVmMlvwiBztkRrA,4.0
SmbLMpB945Af0QvNwoBK3w,5.0
55AiOLbhe4ZDlpgaxpE8fQ,1.0
fCfRwzUMb_iZKdX0ZtqATg,4.0
1obqQW2pGPMvl828XJ2-SA,1.0
6cL9I3jBdRpkGsG3uBvqAg,4.0
NCLaDEA8alLk_w6K_JA3CQ,4.0
Vnhnd__N3tr1ApP0YR1Inw,5.0
aaZH_IPjKZrE0wfJpYljpg,5.0
8TBSB1s8PeGVjBShYFhgKQ,4.0
1mFhP9q6MkuKHCO3oNK7wA,3.0
ieNU5Gi15SskFI5mKOurbw,4.0
Jb-qUSRtBAbMJNCRG_RABw,2.0
tpKGB3D8AZ-0rx24sXWnkA,1.0
9Bt9HVSthHRWOmJlZUo_5A,4.0
Dth6Q0_x4u0yC0gYsW6ctA,4.0
wy4WK1VoGCNOr78DVnsxHQ,5.0
1SB0WsFASnCcDI98-P6G0g,2.0
O7NWUEaAw0W1rhOUm6KJ3A,5.0
TwvetZVQBgCcY06-_TaGGw,5.0
M9YOE4z2WFG0m41WyfQjlw,3.0
adeDegH_EAt0w3AIwsDtbQ,4.0
AlIkiRBMIMgiU8Lbr5T7uA,2.0
vjObxOsMaH7Sp_SusSwUcg,5.0
pSyo16Ywd_oZJ1hJ9e7D6g,4.0
W_amLJgJ7QM8W7asdBeEjw,1.0
S87fPNbcdd3L8TgBSgF_QQ,3.0
y4f9SbP6MJEnOT5gdbu6-w,4.0
psQ1xUT1jAnNo9lQC_XoMQ,4.0
gHhePQTvf5yOvd_K_R2ilA,3.0
xF69gWKgsOiYurBwsZPE5g,1.0
rSeTmiDHE01B6hkTZ5Wg7A,5.0
cfzzzBfM_sCKky2a-PsfAw,5.0
3oHdNQNAT4Gx4TeWZN0JkA,5.0
zRU47XQupiIBj_4kS4Lw_w,3.0
qj_rAevmJ1iJBnG42eF3pg,5.0
SIIDw3neoojMnosGJ3aewA,4.0
ztV7_mK3tF1JwGNffMRWZA,4.0
MuqjJPVLTfzbsC_vUXkLIA,4.0
xiUY5h2Km6bfI5hjWuh9kQ,5.0
VQly2Rd7rt0oBQI_NfsF6w,5.0
rgiMVjZYSd35NmSmR9Ph6Q,1.0
AtWDO12rtAw2eg15pHJFPg,5.0
x5kuFkSXziQytYoiPd8PjQ,3.0
eoV5PrFAE9n7IJ6dSbJUZw,4.0
DRdUZT57Hcn3VunCMvs-mg,5.0
RqrcBb-J-TRfZpqFCBPFQA,3.0
hT8PhQDvRVAcW-3CPW_vTg,4.0
3ONQHYIuN_0VJwWddtjC4Q,4.0
XtM0_IaBtADI3B51orABhg,3.0
fezbLks5dkUciDTM-NC2Sw,5.0
E3LIAs3RnOSbfV2iwD8tbQ,4.0
-ZthUHw94bxDXhQF4pkjBg,4.0
H142GTMSchwqWd7fJqfUIA,5.0
TEUTNqFoTt7a6rq86m_90Q,4.0
SUB2lmP-QW0nuswCD3pELQ,3.0
oJ7fd2w3u5YbK4zT4EGIxA,5.0
2PnnI1u22O_xNQUvTANPGw,4.0
lQobxpMqYenWn9DlHrBmLQ,4.0
LFLlHuQdFGUP-HjVfY7xMQ,5.0
_HOkT39COVgwXPtl5iXUtg,4.0
z3TH_APz0M9CE1srJq310Q,1.0
pmI79CpHicJNgiJTXxomwA,3.0
YlUwmCCeW513xbpEhkiHoQ,5.0
v6woJ3Ec_ZeOydc10q5Ekg,4.0
mz5y7qHK8qxiUHgrBJSodw,4.0
K-Kz8RYbztlHGDKg7N_7vw,5.0
o_eImD925SQTW_iHWUO7HQ,4.0
GUuyLn2W4HSpnRmlcFH38Q,4.0
rO-gzq5M1cOfNI1tSOtzew,4.0
OT-kTqvRZSdJvRjkC41Z8Q,2.0
7vBl8oCqFKofpraLi2ZkyA,4.0
PqyVUNyRB0MyhrBkL0GyYg,4.0
B2Z-SOKd-cA1QVAZh4tIbg,2.0
YkWvUn_oRsCQ20RD65pl3w,4.0
TbyId3fnRemBUx52sefpXw,4.0
YsJIbPbg1423rTdU4D7FvQ,3.0
kvFUDP6wkDJHg0R3gOyt-w,4.0
2ymYq9plLuK9Ed9orCi0gg,4.0
Q5XfGSl2_cXqXG-Hd8pWwg,2.0
9wt4J8ez3Gh_8D0hUX1YOg,2.0
H5TMxU8rDlnKgTBZjfjArA,5.0
KBqWE6hExNvQxzeHQNEagg,5.0
BEqZVWYtxvQnqomtOd-02Q,4.0
rj67L4E2MSN3AvBKM5hrhw,3.0
U6jNe6BWx8Xm2D1tPzNYkg,2.0
Fy5i316A3PQnujzkyEmWLA,4.0
AMGFr_YBxO_OoNtEHtYkEw,4.0
QB7pN7jpQfIK5LvsmAi8SQ,5.0
5McsGhwTKXxptrI8c_44RA,3.0
HEfuxHQokTqZmWeCGnYB4g,4.0
bNJefAorYSrE5BeKbnWA9A,5.0
owg_p4oyuFd4dLDbxn0m0A,5.0
XmXVUjqZPtFOq6yX6uNY0Q,1.0
e1hcUstMq3AclVvgyBueQA,4.0
JrVSGMtAVPUc3Q_633-07A,4.0
OkIBy4GvKCh8EktWflv_Xg,3.0
Tj2l_w70C1gPpcc4vW2xjQ,4.0
vR_p0i3SMM2W_y_lzlUZnA,5.0
H1ezmVFZj8EH2w0rVHy4-w,4.0
V0p9Fzk5YCY1lmXRfWLjsA,5.0
zSfpYj0BoIgLQ8NCLG7xkQ,2.0
fhPVFNqXEku-ZWZ1zTNUgA,4.0
7_7CGBK1DTwUHvkNGT7-BA,5.0
1LdrMwAX45z7Ye1yYHXWcA,4.0
DsXFitEeOjJuLHa_yB4oAQ,3.0
P4V3chGWATCmaQcUx0doyg,5.0
bYJVPqX2JB0EU5p91IEnXw,4.0
KdVOufDewYpwR4L_z37lXw,5.0
ZwpJ09uiVIcYNuKGaA3ubw,5.0
Lwkr0XKcl1r3TFqDND5zDA,4.0
hrkv2ES0qP6yDtTQaGmPYQ,2.0
u7hBRrRUAdvBjsvcE9ga-g,2.0
xnorwRdv1kjyldG0d_FauA,4.0
eeNkaRVcwbjvo8Mew0a7zg,5.0
UY_gEg0Dj9Yuype-EQUdoQ,4.0
aiz0MHSBahRPuWyK1y5Few,5.0
8eRoXtwzx2TCJ6ARqND-pw,4.0
PhHx4m_gAsFwWpj6436lLw,4.0
PJUJ-GqngJNBzc-D0RUwUQ,4.0
JG_X7aQZD2c0Rs9axYaZZQ,4.0
dW7B7eZXvRfj1Gze38XPhQ,4.0
x_xipGCHfLYHUDgQdGCZSA,3.0
CbuluU2xhLnnhzp9k1prSw,4.0
Ro9Ap0V8Hvt3I4Rjuuf2Jw,5.0
4PKxVPwlxClkoPSoPaI5cw,5.0
0wxnc1hYjaGo0eeOlPsmNA,5.0
9W3TP74Xv7xp3UFjWJDp2g,1.0
e-GFpt0VEdQ0h3n7XocFzg,3.0
ThZUlSSYQCZDzZlSwvJp8A,4.0
yaHSNE93SZ046MDNXjp-wA,2.0
3H3OyvsgxzNrsyRqW0Thdw,4.0
hO79PklmmISK51tkZum77A,4.0
r3BpW8D_NBpVGRg_CRYrpQ,4.0
Gn1ee_nuWi3Jzh4owQrKGQ,5.0
EQe9BscpINOtWEyUHq5o2Q,5.0
WaiLAgFiLXzLXazxWqgOug,4.0
lUZXJKUGCfnTxWdLV70m4g,4.0
f-BozZsQTbPe9X3siitJoA,4.0
PyAlscB4Z4UdQyUdX1JqIg,4.0
Jh4p6kq3GrXWq0iID2e2bA,5.0
YVdJD-fFTwrIPsV9G-JY8g,4.0
pZnhWHKz5rtkXEvUmvb7Vg,5.0
QghyhMLlw7M-SX1xPbgkMw,4.0
brIymVelhwqZkTfYOFm2CA,5.0
QepVQPzjc_n9BEvjuN2qVA,2.0
UWdsgNnKiyZQ2eY0L0g7vQ,5.0
OjXtrzBz9sYuOIwP_pg3dQ,5.0
XmPcEaWp01TCqCk1VuveCQ,5.0
FpfoJffnzv2xUYNSYG1d1g,3.0
i9X131s93LKEQmSZ4s9Heg,3.0
R6OQo1q9aCQzoBpA7iCDKA,5.0
GHNXCqo_OsQrxQLffmsvEA,3.0
Mr7Aib0uXTHvpInVihl4-Q,3.0
t9HyjBK4KMFMXdhplBH7Cw,4.0
FM5dEJIA7o7xz6l5rlDklQ,5.0
EjCrmW1D4h_H0YAHZNvefQ,2.0
iq9UoWEGvAqQ1TnRUUFY-w,3.0
ZC1xftTj32zBDurrZEYQGA,5.0
F1pC7cquO8eJDf5AR-LOwg,5.0
A5TP-Ld3R-UKW9NIGV_DMA,2.0
8UOndSOzinoeW7_8UDbSGg,3.0
NKyXYrHAn6o7kLddeBANvA,4.0
_dOoU2NGPMpKhpu3dAc2pQ,2.0
3c2P0DTlnlXxSOgFvCuvoQ,4.0
fay7u4AJattsv8SGpW5TLA,3.0
fBHWLNEJmhk6AkzmfLwWcw,4.0
QrUgw217OCEh1WI1LcUCxw,5.0
sVqLKUaTcD5sa_dt-TStpQ,4.0
3cGD0cqbE850SCQuJuayGg,4.0
BANWdPmfGlM9S8M5O9lHqw,4.0
thicWHtLZkU-_YBooMt7cw,4.0
rrccjyKGlcKQ1y1lT5lQsA,5.0
iTpnYsysclF_yAzAlbwSWQ,5.0
aK-4KNCf_BoNzOmfjywy1Q,4.0
MutzKkjDCOBACgL7pI_0-w,5.0
Eym771X8KCkkKgTEuVbwjg,3.0
bjw4kYEm3kXgzg_tWvLJZw,4.0
jJD8jQfIYAnDk1E-BQDoMQ,3.0
WU9DvCg150khOj6gfwfq3Q,4.0
d3IqrE5hc5WwgHYZRy9cfw,1.0
YCuxKEXX5nIOxY3F0w0c0Q,4.0
STpErPSzw9-ybyYi8Ka-2w,5.0
z6wJnI_zD3NhbF4PyKEx9w,5.0
ZwiFMKb9g8AtUG7zamsGCA,4.0
_0pYczqwVNyzzweUREehug,5.0
g6L86oA1UcxyiEQOEmtsqg,3.0
RpXXxE7xZY9tQ4-IYIJGVQ,2.0
_WD3THyMS_Zq4C58t5o2CQ,5.0
Q0NZP0Q9oz8IIhDhf8QcKQ,3.0
34liGei3hcX0BU_arALLXg,5.0
pkUzj0NAPSATSwWldQPkTQ,4.0
ImJZ7_7ULAVni_f2TrpxCg,3.0
bmZLw52upOADZxdZVjkCmA,4.0
Dx2qqqSpbPsIpoxOY0hxmg,2.0
iJgR21VtP5_LOLv5Jiv_3g,5.0
0w9rDfOqXwlfkord2SqOrA,4.0
0_Pxo3FmmQn4WK1yJ2FCnQ,5.0
HpIiQ5QN9eRjWBfQSPOk9w,4.0
4bmqWG1h5zcFC-P0KKoOpw,4.0
dbJwocUnwaKRtt6gXC5WzA,4.0
Ked93MsN3G-OueAERFieUA,5.0
BjyDoCvNIm1UlrS1nbI69w,5.0
7m8aXPtfu63JMhouWHTymg,4.0
xdQ9esnSlTEAGQ2Ns-HLPg,5.0
UlIhxiIf1QMhbAtxYoyPUQ,4.0
33Q3QA4Ipj06KVQSwp0I3A,4.0
KDFyM-r8W9F0RzA2NyjqoQ,4.0
9bfsO4n-5dopeLjXIDizvA,2.0
6nz4M9pP30BGswme9h0WSA,1.0
1OU6KDNH-Bh-3L2XDCkLuw,4.0
iSmSQn4VDjCDhlJwsuCFvw,4.0
I-Od7FvDZYh6tP8PqUnugw,4.0
vHBilF1n2gxGU9xJ3AIjwQ,2.0
UGKMgJkJRys8aLbgf0lS3w,5.0
IZWM4k2vjkixW7boOXSLrg,4.0
us6yUCEwhvjtbz3TCdKDIw,3.0
ryJleUexXj1mOPK0EG_7gw,3.0
FqD3YmBo0Thoe_qRGQ_QOQ,4.0
ttJbc7OjA09ad9Q5wtMl8g,1.0
eXIHZouUNHKJBlleIvUhzw,5.0
0oi1YbGAx6UOFKCeTUkthw,5.0
hDdculqIBP2T_X2s6reXOQ,4.0
9cMxDxZhdE_lddXRWcFr-w,4.0
omz9dSyAG6la2ewIaXvHXQ,5.0
aqesDAXfH43lnMKmtRtZqA,4.0
0NoAjbkcWgs31hUokMIHpA,1.0
Y4PMimtbqHcwckanquuQuw,3.0
Kpaam4pLg5GrWmuZBAIThA,5.0
OAnHlp1K-9SkuQBE6f1s2Q,4.0
FrVWCVRwi9AxLLrZ47AyxQ,4.0
OJ9ksrj9KS5V3l9YwYyzEw,1.0
6aWiFq4ONhhUHhNrcJk7lA,4.0
b-T_u_sKE8-8BanktSGoeQ,3.0
lkk_TJAeN1WXHxyBG5ohCw,3.0
Q6nXMO8C6LLhccHXMSdjtg,3.0
ynVpLdiRQXSsPO72lY6s_g,2.0
tnOB9UA9Bj04EA_EZVah3w,4.0
-U6sUGb-0pcbveblFZRUwg,2.0
uTZv8HzFUnfUOUyp0ar3og,4.0
ydBbqSu89uFIVqjGUEVq1A,3.0
63nX9geLjrhdPFqC9edwwg,4.0
Yydp8T7RehW0dxZwnQ17uQ,5.0
_odPDDMxKEbvwCq_joykWA,5.0
p0GN-bO3b3vKHLFZqtpTyg,4.0
T6hadCNn3vLWVsKwOzwOpg,1.0
RyKk3vQvf61GcbFY_RXWlg,1.0
qpqnSr87WpeDCNF1pPgEVQ,4.0
R-_g1LM02IwMBzjBazqogA,3.0
No174s1OAX4gg9d7lbiSmw,2.0
0RpAlFwdUvmwiXtPznEvvA,2.0
b8Ba7Cxo7fd6LEPRsu10OA,4.0
DbUpby5JSWEvPzrpty2LFw,2.0
Fe5SVwBpdbcYgFoUZhr0nw,3.0
46WLuxDUEX59bARHjA9Mnw,5.0
A4883KWFu1eePr1ulus4oA,2.0
x_mcE-0tJFQEuInYEGXV6Q,2.0
rNJ_QgWH2pmbNlwc7CnzcQ,1.0
hbYF0KcNoW161fH389b24w,3.0
B1dg81H86tX7-qRQHIJxCQ,3.0
EfJN6qK6oDmLjJ7E3Zxokg,5.0
PrvXzQN3xAOnHTWhik77eg,4.0
ppiwBuJZLhGwauYl_1oyyg,5.0
yukZqkCBg5E_ZEns2w3phQ,1.0
ZaVbS1WWOe7G_c5gJ8LwEA,5.0
eOOY4yxKjTVf_nUP-VazUQ,3.0
Ho6h-16yk56OrNM_l16lmA,4.0
XuaKOjgIw-Jt6BRS2p7MrQ,1.0
OkHEaSGeRGDnibGL9PEXqA,5.0
QdkHReRO7BEjlTEf-QkF9A,2.0
YmAye9bwLnZs5Qj1DPmpiw,4.0
hrp63WfiViIkw8c_jaUe8Q,5.0
QLrx2Jsx0ILdFQiOV6ST-g,5.0
eCuBhZxuxVdZX593PkKXrg,5.0
oftK0ATquBo4pdst1-BBBA,3.0
TZGk616HCrd5uCCs84cdQQ,3.0
WtV3KF6v8_inzeGh4-jxBQ,5.0
rHFvYf6m7D-NBoHGKL0wpQ,3.0
bwTeD5qfTR_tf9JfiU2czw,2.0
Nbgtb-mg_FQAiPTUQmcqxw,2.0
9qYyBVPDDJKWpcyP3MXsbw,3.0
sNtZ8d_3DaNI98vMMtpQ8g,4.0
1ABxcgyAqa0axtpP1zCTJQ,5.0
2FAgCfv2qvfO5tx1Mb4FyA,4.0
Wcyc709oWWutmt0-6de6fg,4.0
ooNolNx7JpTfvmjLNW2Llw,4.0
jyZtalL7VlNG9OiPNtUGyA,4.0
JA9YhlnUtcflk1C4ibvZzg,4.0
Ykn6TiNgkauxESIMWedP5g,4.0
oSMKac5sA0fr5Md11ScGhg,2.0
HXPUZqL5M9BI7FryYQ5QHA,4.0
oMEMu86JHVqXnyiRk5jEYA,4.0
ficFdxIzskzB3svqXdWR6Q,5.0
0NQ_xniX5QaE3_ANdvTiYg,1.0
Bn0sgoPOGzJJMT386gw1uA,5.0
17RmwdH89SKGqidzYVmeVg,5.0
sRuOueO5DBV1LJqMwu24Ww,5.0
ULsP1CTtbY7_N7lvWhk7yw,5.0
zqAyiTzQnX_qp2kreHfH0w,5.0
ftIzOEJPFT32Py0i9T5bnw,3.0
FWCPeMBk3Dk_PSTSGj3PUA,4.0
Ly5cUPIBzzysQLJXNR6xJg,4.0
Q9LiHbRcw2sN1f-AGqYw1w,4.0
hT5hofs9uZibwetiyIoA3g,4.0
p7JQDArCazq1ZdHh3MeYVQ,4.0
WnXKvjPOff7XfxN9xedGzA,3.0
QaGoNSnY4jMPyh0GJtNOOg,5.0
pC4Sy6ifn3IsSINB2jhDvg,2.0
RCynZ6fgZ60vOKVM6h94NQ,4.0
7rEWd41BtEyudMjnMVV5dw,4.0
btHDXz0_pRSNSJ2yIJBnIg,4.0
rpwN240PPqXLkYTfKzkMMw,1.0
EF37sMHbvupKqatOEHj0iw,1.0
weL1ANq0p4hOlsusL8uNQw,5.0
ZKNKHo8i9cvfnXaKwvj_8w,4.0
j9ZZHAz2Uvr0fNE90CcC4g,3.0
lqTfZmGEpmywiUX7ArTg8Q,2.0
KCnTz_bRTrc_CWQAj5NN4g,5.0
EJhu6IFW9vDD3ANvJ6KMUA,5.0
eUGSw8uS_9GUuHvRG0henQ,5.0
1uIkCY1AxByJFinpEc7WVg,5.0
kFtGzP-7PoHsGflouHimbA,3.0
iRhVrmnID1M3aggQIwhzBA,5.0
npybKs1t5viCV5zFP0CJQA,4.0
vQ9T1TT7l0qvckGFHH2V7A,5.0
oGEaK4uoogi3JgliWLgvTg,2.0
pPeF9wYPLgQlL-o97_ZUlw,5.0
5DqCB5cYo7nsvraoUf6zUg,2.0
crZP9Sx6Z--5-8YELttNxQ,5.0
b2DY2Pr6O-xFdEhNjY-cGw,4.0
ldHMtOks6iM4ckqSivr-3g,4.0
xAuvOdyX5J5nj5G41KXyQg,5.0
ttq6kwdwpPIjwWmlDwKADA,3.0
STMN4TY_fn8frXpScEU4gQ,5.0
erwEPS0VzKH6sxCy4da4hw,4.0
0bSJE4o0X7mB3GrvapAYYQ,4.0
MSD8N8MlR3Ax3-CGNmGFdw,2.0
uoupzt2iEE05S5YmT1PO_w,2.0
U__6auBrp9yw2OmaIn5b0w,4.0
ePsbk5PXhs7wHGtZj3sk0g,4.0
HX4Nax8OdjoagzoBcSJJ4Q,1.0
CItQgbyHRwD8xB4nGQdAJg,1.0
miWpZTxeYGYfuPnGeEn2-A,5.0
xpC3g59RJNilJeZ9yW0MiQ,2.0
YBdeb4-1LkozrQ4PEQH8NA,2.0
2IHNuHlN2XgSneWT33hixA,3.0
aF7VcRyKyCm6BOKExUikZA,3.0
yYihoETyIvohpnz8-RQUng,1.0
b02_35RU20Nxkfd6wdv_BQ,4.0
vK6Q3aiyraHL-pTx3homdg,3.0
eiRSyCJyHZRGJaeprV8RCQ,4.0
e9Rom8s7fE0SyL0uuc2j2g,4.0
muGRPSGodI_lT5DZupoFBg,2.0
Ig8uTr6u_MfQRqjtjPWclA,5.0
tjpkVCNv9dhXjjFq90hzFQ,5.0
eunCLjy9KkOP3mUT-IZvkA,3.0
IGwpVMCh7kFoG-B4pQ-2cw,3.0
xYPvv9GdRWV1LMwYizwzpg,2.0
9V_G3crExeCbPYXhcBbQ9A,3.0
OEc34iYsjUBW7I9cl6SwGg,4.0
izZ8Ati12xNDIYdFB1Aekg,3.0
HXrH7Js0NkxedWpmqUt7JA,4.0
ey_BkYdWwAZXLV8JSaxKjg,2.0
GwUM12IQe_N8LWf7XmK0vg,5.0
r5JEBDJogVJKl-CrSBKazg,2.0
kj7RMQNb6PQIatuY_5oHKg,4.0
93hePfgvy1e7av1_rlb6bw,2.0
oZaIQ9pKmgtcVAtk6BkR3w,3.0
dEATlJzzflbx8pfNpn0Yhg,3.0
TSSB8BzFRxA1O2zSf6N44g,2.0
3xR5xVn_SzufErls3m41xQ,5.0
p9KyWogpmY_1MlDFeeYkgA,4.0
m6-SBhmZw9I0KaMwSk1_zg,5.0
XCF_VT0uBuXbampF-uHrZw,4.0
GLbYS2MDHMGTnXOHskWNhg,2.0
OjkemZpc_zOAXmB_c2iRPg,4.0
CDCt2TsdBGcXavsEEddzQA,3.0
Sc3xmgR5VHvLL572l5o0yA,4.0
k1UkkeNt2WXbSw6VKt_YtA,2.0
KWZRNeA78LhCmMgjzZKwyw,3.0
s9gfVfvTc7zfhwws36LXJA,3.0
_vcLklv9Sxdg7IThCQsrvA,4.0
4-wDUxLQI70ezHk9uJG3zA,3.0
Hy3qwXJlSdBgVWplWdo0_w,5.0
D4jm9SyfJ-yYc6TuCYQoNQ,5.0
fA2NlOShdcRhz32YT54lPw,5.0
dszy8QX9RqeKiHQY5MrZag,5.0
LH5Adjtn9UPfQWCOVFUd-g,3.0
XK8V4rOas1RohiDoTUvJDg,4.0
7vCPcSaar85vxXHV4QiCnA,3.0
O9Abbuz8KBCQzSj8EFUM7g,3.0
Elz8pYAQMtpPvBr0WJoGBw,4.0
gWaj1klluxkOu0n2WnfY6Q,5.0
p0Fl7Hdu86O6Dwi4AzCJgA,3.0
A5HBXgp9UV0knydSg7tKFQ,4.0
kMxkNfq672zonLh65Pchnw,3.0
r9yn9hZx9d2gyOehmGs-5g,5.0
9IMwyv1gAMZvj62TMtO8Lg,4.0
eeSIYj5ds7XXvx1seNw-YA,1.0
MbxHg3HhwA5k9tj1OqYgqA,5.0
O14NgnNMjaHuH9uyJrOhTA,4.0
EZOZUP7HnxCaJMJFQKPRBw,2.0
sVTP8HQVGjs-S9_AFKStZg,4.0
JHpyd85WHT7-JBWpbHzzag,5.0
hM3V5XpQOB0PpqavJluY2A,3.0
imaxgyapjro9iwN9oThs9Q,3.0
LYl6r-Ux4JxbMGmafKMi2g,4.0
F_xDU8FLTMtcdqVzkh_kPQ,4.0
8C6EtNFvzTvi2V4Qb9IqbA,4.0
2E7XMb8mRUHrFU-oCNoxRQ,4.0
cbrsqieL3aWVjLeeXXW4dw,4.0
6zmhNZVMtr3oWrafHw4_4g,5.0
3afY-QhGgGnpJ2DJd_Dp9w,2.0
cXa_wdpFQd0nkyXA2k-Hfw,4.0
e5sRbR93-kiJxW4dl0adWA,2.0
CN1eFAyt-rWlKSRZAHUicA,4.0
mhtkJWV5b1Eqva7JnJIoCw,4.0
PPAQ59aMZkUPRScAZLFvpw,4.0
rn4kBErIZS5gT01QWYsm2w,3.0
vFByZuYjNEOQVM2zHV4gyQ,4.0
XiqAInxXER1kwnbUbRMQLg,5.0
pf_36DKpH_xgL8EqrsF4hA,4.0
K089dnYbaAjVV5n9fCOQeg,4.0
r5IX5ONDLi7CpCHTmGsqbw,4.0
HLsvvRrAfsovYmAmvy30nA,5.0
UG2fzSZDSwbH7RxODHRrOQ,5.0
q6DEo78Q443yROjc3zm17w,5.0
wD5qXWVBXP1s81u1lhXIRA,4.0
gm6rRN67WJNkVTlNjkPYQw,4.0
1-I3TCw1KQAg-fJomVeQXQ,4.0
x6jJj0guXnLt0xZkPwO8RA,4.0
WTnEzmeJG_CkBffD6Pru9w,3.0
iZYVwMUoUoBW0vBKxRpGPw,3.0
LVaDw4Oq9ZYao8BgkNJNKA,2.0
XE9fhz3meztk9JvbgMmnPg,5.0
UchPEqAclgWbAeAZxBqyhA,5.0
sNscAyYENDaO7nDJhqURPA,2.0
oglwJz9TvBHgmzDFtcihNw,5.0
RX9nHpC41-qMtRNqSPmZDw,4.0
qlcuHcPOyoGPzqKpDbcJvw,2.0
ouBZx2TftyeAPa3JRIiZbA,1.0
hc_dCfQoogSDEVTMB0OXFQ,2.0
ENamqGiYV0pN2_0XoJ09-Q,4.0
dIqYbmP_BNiKtPGjrG5yVg,4.0
6SJsm3iENlaa4URhTgp6dA,4.0
Es9o1dN_ZSW0DkLMu93MnQ,4.0
MZcDQT-UpYneMRkRhYRuvw,3.0
LjAzRhc90yiFhSWKb3BXaQ,5.0
4YDMd2n3-Lez9bSQF4ry9A,2.0
_jZoYjs4ucRPpxzGA-qe6w,3.0
-9k-I6azULKDB8RVR6fnNQ,5.0
0XIF0_vzHspkIK1jjgOr2g,5.0
5TZoMvs1z0-lI82Qp4R6Ng,5.0
tv65BSsbeWd_qT5Jj9u17w,2.0
4xs5Y2dUpYFsbSIJQO-kdg,4.0
wyXJyZ6lpNyLsoFctQLnBg,5.0
kydtgbHXmVGr8t1dDmUyHg,3.0
yNNOEhz3_7-Q_dq-sgICLA,4.0
6tQevduA4jd8cGV68q7Bgg,4.0
ZzHKRxgpCgrN5FzBiRSQQA,4.0
e6ERbhvg_Xr1Da_TvP96Bg,4.0
FSObvy6ZGjjz_WhXeb4png,4.0
JqEmW7UivDw7kXudXNekIw,5.0
NV1tqX2FiGUAeNUfKGrnpw,5.0
zxg2NyKFuxbHlk8-e9MdNg,5.0
99wD_l4D6Sw7Kesaq9GPhg,3.0
oGJUwBsWaFyaPhYa99eLkg,4.0
vQa5uhfaw78GRGkYlwh5eA,3.0
lWmeUKC1o_mIgenFIRGQcw,5.0
XJ69-QTlbqw3V0eucjvoog,4.0
554dxqFqZU3TMrYupLcYew,3.0
LGhGo1w1qRf0ojLtJWF3vw,3.0
FzB88pBR1JHbWcnNAaMosA,3.0
Mm8HmGaXLtgNboe15AME0Q,3.0
tCChzT4xpl1WOtK-VbWowg,4.0
K2c7ZYglhZ9qkdda8l7tVg,4.0
uwtPBXBhJdFjiBl1Zde3yA,5.0
iIzLgOQ_YswRJdVjUuUI3g,5.0
B2NtWZiEQd7rQApWiCjOMA,5.0
cCM1EMvq6Jd7TLldQ1o35g,1.0
4OTvb8477Jso3boJk-eTsw,4.0
i9SJsmZC7MxjtVwmO2nTSQ,4.0
-KxlIGusvBM1LKZL1NnMZQ,5.0
PtHc-Bk1i-nETYvkRHAnLg,3.0
tF1PcTGD_iW_PLqinjr2pA,5.0
K-SDo3E8aBNFHZxaqYJ60Q,5.0
__o_L27JQ00grsHrxMNtVw,4.0
zpCCv1qvIc3YBC_3YUDxlg,3.0
OK6zpKxzZt7xIwLG88o0hA,4.0
FIP9ZgKF5Pk-1JxotwSGGw,4.0
R45vT7JF-2JigWfTFh5iJQ,4.0
ZH5vHN4qFVPBv6Jk8CU1tA,3.0
mbIstk8MOIDldEl8F5wTGw,4.0
zqCbHyXfFFiDblTcKnn7lg,5.0
pfA_JAUaOUa9VsdWe4aSOQ,5.0
JWZ2HOdZwt319-LDTjQ_9w,2.0
BIWTNtaOwphuGyGlfOA-Kw,5.0
zt8jgNl0vahwEiADIZLuNw,4.0
ifyhP6ZssjLcXOHqXkgv0g,5.0
dbwyPgZaSB1oQZLxn_iggw,3.0
K3Gv-af0JrtIZ5l7dIwURA,5.0
vo3Qw9bhquCGQ_yFOuytJg,2.0
PQLfyHnNmfwmRactGxdyww,5.0
NAnAs0yoPsOqykq6z_yokg,3.0
rPx7zIJqS_x-GRVLUFPOow,4.0
MXeUM6P4kbP2MKMzu9K39g,5.0
1c7bSo356VaJOUXQSMEIoQ,5.0
whspjWZ8WrVTFTGt4te7IA,5.0
5L6AXcbZlNFxhTbQ0UW9Kw,5.0
Lbi1dJCvQg8zcsUdeW7SFQ,4.0
80tW-E4Ep_gLWYx1exGfRA,2.0
sRCJMgJulKn2UATUbMRWgg,4.0
2mRPFW_1U_dE6b81aIvEBg,1.0
xdE36s0EuV3tnUCUZ9JR3A,5.0
MGA0YKgxKltbR14rjRGU4g,2.0
XC9i949lo-CP2LmuRbI2SQ,4.0
d3Zx05gwWuU8utkFH6oMlA,5.0
ev6wCuE0ACVyp279S7th6A,5.0
gZITaUSvzBUijZvNGXO_Cg,4.0
fqreoSwcKdMcitjQwFsxZw,3.0
li7UpXsScGaXMqw1_GhPlA,1.0
lPi_nMoprTA0_2e4ra_1Yg,5.0
wxlGF5a1DboAv1mOxkGL_Q,1.0
7bq2PfK8qY-pVqvXJbYvPA,2.0
zLILIn0fL6sc024091rHLw,4.0
7RpInXi1EBBA0hmwQu2tTw,4.0
5ORtQFsEsBIMju2lsSMeUw,4.0
VawhUoThPwl6keO2PyfpBQ,2.0
jCt0W28vuOc7Tm82RAz6Sg,5.0
tiwQqvsKOA3isd2eJseFnA,5.0
OjuMt9OOr0GytorbzLLjKA,3.0
3oG4YCjKnxS_0JzH5Mg-kA,4.0
_3h8LQUeDNoqdZqxOwLqaQ,4.0
6VGcOPKY5S-3hqbPmAbp5Q,2.0
pl0evorJ2f4xGlXpaJgNxg,3.0
AQ6xy-OyBQ8PqEkeTdFCeQ,5.0
6ikqaQKb5B-fDonJd2IWgg,4.0
8Kv3qyP96sfuRbyf_kHwEQ,5.0
6k68ymLfrlT0-ehVOlMOBQ,4.0
Hp6r1ZeUPfOUiqmi5-vTJg,5.0
nK6yoo3kg6LgxEGKpoPsgg,4.0
xGbYiqfYpBK02ifFeUNk4w,4.0
RT-YGeYmKDEiw1YkYbuIZw,4.0
cFS2UPrO37PxeKr_5qOjAg,4.0
24JMCiumpaBxK-h8rFPRIg,5.0
_qC359tzUGUghsq7Rmy7oA,5.0
zQUlU-_eA5JMg_iZWigKRw,5.0
kXYvXISKBa-aGJiGgym1dQ,4.0
OTosnBMaiaes5jCwh1G5zg,4.0
vAPBMCfXda4Lm0wjqKcFrg,4.0
Sm-ZqBGZZ63UKQ5C3z5baw,4.0
lHagwn_mCfWiJMGjBc5mRw,4.0
sXi6H2i2v8EGuEN0UgqS7A,5.0
xsCu9j-1Qe1r2LPOHJUf3A,4.0
GMIwfQAqba7x486STlEKLQ,5.0
dPu_AO40kdvqMfU_fDVEDg,4.0
M0CB8DZiKnA1IQN5g3fu2Q,5.0
-ri8ChBN8ga3cNarTnsmKw,4.0
EeF-SRzJCfooanD3j4Zmiw,4.0
0mC-Bap1SMAT5c1B0pGlLA,2.0
csaznSXYTukkxvjy5nmq2Q,4.0
hWiGYLKe6EUAeflAIdfcuA,4.0
7msErTTdj4WaeM_DXnXrXQ,4.0
zTqw2cL-SvognmiNDV6cUA,3.0
s_LiQCIOAFHQ3bbg6rpfPQ,4.0
aRIpmFKPNT_vzgG0egrnZQ,4.0
8oVaeQGXwJnmgeLaeDUsmA,5.0
hNKJjK6uuGWur_rRY_TVnw,5.0
xgOidfAiDkdY0HR76iWjnQ,4.0
KjxEE-DIWXZUUTtywNJ7VA,3.0
qxUSFFig3b8mxGmWViz3xg,5.0
kc68_CXOzgoywthizSLhNw,4.0
t9I-ImxVvFROUhPE-Xnaxw,4.0
KtNLBAHwJ9vQ8_f_iZJVqg,3.0
L7u3Dknzjb8YpbHPJldx9g,4.0
ogtHgvfgnE2lmqL4FOC3hg,5.0
jbcqyHPRYxCgVxCeHcM1VQ,3.0
pGyLiMjyXtU3gh9_qQpO4g,4.0
VCtoc7t4OcvRH1-3z3z2ig,4.0
Wn_yIXqZG_8btoJ4PQdKHA,4.0
_k-D90NxIyYrIoh6dYJm1A,3.0
zjjbqnHgKOrileKMRlZG2A,4.0
Y_tKGEUjoUKj8Ytolpr5Ng,3.0
p8qsjf1wUg5eU7HTO2pePw,4.0
4CNP_tJGH7tR3UxI-Je_6w,4.0
Okm6Gqc2Xht89K6sQQhdzA,5.0
HNRIaLuAMTRxap_Qjwk4Rw,3.0
qOwph83468w9MY07P7viBw,1.0
YNbgqVpNfgp-QoJ_UE9GHA,5.0
INVuQNTi4JpfddrqgmoJKA,5.0
BgZu4-HUrJy3dsZellI6og,3.0
2_JgnqKmrVSoP15Mmqp4EQ,3.0
Awz0pdZbfSHnprg3cyq2aw,4.0
--7E__Pjj70JZ9z83hIGdw,5.0
9XOwxIeQ81qvdCS0fnOwOg,4.0
8KAQmPe8HFXGtMlBT_HKrg,3.0
1_2hKg1Ay1Gn6xu5sExE3w,4.0
sMijleOkny2f6PJ4OaUkqw,2.0
kW6FL91XBAE69syKvrOnYQ,2.0
pg_U8P94NPrqNE2qGg0ZkA,5.0
O_RywEKexevtEsWrOcpASQ,5.0
4ji4j3cqMtxtWi7QVyLJYQ,4.0
cg4PZipuAjDJT9eAFz-SEQ,4.0
SLBIo1wZU_X2z5EnAXgHiQ,3.0
tuhpckx5aQJc_bDMed3flg,5.0
s1l12PFcITvrBZa11KiQHA,2.0
CgIpzN27yRctFEj_PqPDXg,1.0
FAD-H5dTg-MfWD46NE9vug,2.0
_2h7M_2JAV9LUeUSCYo2uA,5.0
ramG84HYTbY1fGHrEN7wTA,4.0
OW8Mv9fEXU-OQwI3y93gIA,4.0
mRCIWZu9EhZUi-WCv8pEig,4.0
fuIl4D2FtWgbJK1AsqBdhg,3.0
31mh_jz1VUruK39RyeKGIA,4.0
yxABifqHZfNGBWcHJDR4Ig,5.0
jVTOPtDrP7pjXKFSoQS_tQ,3.0
x9uxyNEJWJWptEIWpgTj1Q,4.0
Z2O6z8V3ECySPcryT2F2gg,5.0
m6EzOQeSR1Yi_qVGdit5jQ,4.0
AD1mswri74xk6-oVak81qQ,3.0
8GvV1n4fDZ_RcDRRFGgZWQ,3.0
h5O2NSQbBkjA5wtODpF-Gg,5.0
QSQ1FC5Wj-8jWb6tBbjJ6Q,4.0
RWsbxxsJD8LE-CJf-dM_PQ,4.0
MUFQG6dK-jqE3ByzaO8XzA,4.0
F2ZtEbcy18GilO5GIepQFA,5.0
JSjicHcBQi6SwrFmaoHkfQ,4.0
MvB90LKGBb9pLEg-hSClnA,4.0
-L0dYFDDZa9j8_jE5oVpYQ,5.0
lz2AQZtuFDIlW7KOZ5QZYA,3.0
PnAR2U3IIbJ2ov-2K9eH4w,4.0
YdrZUpsHUMv2l98dJTAmYw,5.0
XN3UxAZxvBD5XasejOggog,4.0
cRkGG6m-RCZRRGCw6u2GeQ,4.0
SIcX_ZD9zIgUpc9jS57J1A,4.0
Hc-r3J4kd5XJVI3vjhPTog,2.0
pUrr78Olp6JCQrZM-Lba2A,4.0
HwqTX-yy1dtQOocmmz0gVA,5.0
kkYY5zDpEWPG-n2CD6SMbg,5.0
n5CFgYd_VlB0eYx5Uge68A,3.0
D5Ku_E24MQZvklwX4cmpzg,4.0
LgwBUI9WDd4zHU-_gP3eYg,5.0
32SudFHbIirop4fyzmL8Og,2.0
ebSpg4QmafPe1zFJDP1Vow,4.0
cesMC-TOjJvsXVifv66g3w,4.0
x1r-apnXKpqgNGhYI0lZlw,5.0
nCzP2Sx3PNlnvfivl0C_bw,4.0
GXk7fVDLptxjh68M5dboXQ,3.0
dUGeay1RgKklHRyAu44eCQ,5.0
4XeOuvBOkOkti2R5wmnyyg,3.0
CKUoBclL0BjDNOo0PtUTJg,5.0
VSXZL1Q6jFaEq-F432GS-A,4.0
nlp4jC4WZ9-UMNnV7I-lbQ,2.0
J_4JBeAlDhPWaQmmvsaYUg,3.0
9hCwlcEt7BVPpHEP93_9WQ,4.0
xoQMroFRJ4h60IDAZGunMg,5.0
yMTLFOEdGAWVrS_FbnPqvg,4.0
8BDGFJOWPKxq-QMAhTnkmQ,5.0
H92aJF-xJ4lkGbEl55jMDQ,5.0
qQURuo0TZTHiB1ETS8-ifA,5.0
Nk4D2HK67T847LwH3cQTGQ,3.0
yjFbmz1OHeCAw690evKkSw,2.0
Re84xJpWU5kPIi0JD9IwUw,2.0
M-Kw27K-5JEP61uBimKaiQ,4.0
mRZF7_XyUFPaJds2_Kl59w,4.0
_4CdvrbYQjqjAoE61O4-ww,4.0
R-63CCopDkrBrpm0Gsr9Uw,3.0
s5KbJ3EdkaN-AYewniAhww,5.0
uqZBcG2pke3_Wf_xFmBoJg,5.0
eR2hthHoNdVKqhU5vp5Dug,5.0
1UsYVf5m88Vtgvbhsd1QsA,2.0
xkDzpLQhiRK1mn63QVMP3Q,1.0
W8vZBL9jnJ1NSL6My-K4_g,5.0
M53z0aNqEv2X-HhTOYja5A,5.0
7KVm5RAU9RC2EcMswHsCog,1.0
OsMEeg29dWdEqskmWlHKTA,4.0
dtGdMmIZUvF932Ax1zkxaw,2.0
ntOaxY3B20s4nWGQ2nauBg,4.0
wEmPNQ8T1yVDWgf-birZ2A,5.0
ev6_ZY6iCx1qGY3bn9fbYQ,4.0
or-raqMpwKjXhKw4rOg98g,5.0
HOSqiJu8u8VHiaVKLDEsVQ,4.0
mgUBWx14mSQcEB0OOlCzLg,4.0
8jm6LoDmuka_GTsYFcBdAQ,5.0
ZbX4ZZ8u96cxnKtFCVZr2w,1.0
zCRNZJogA3dQNBE-PlaH3g,5.0
sYqXgS4-66m6VF5QJc2zAw,4.0
gCBAq74lPFzLhK2AlN3JRw,4.0
A48vYqEoYgRIonlvkHzt9A,4.0
KfOn-syWl1_diHZUzu_TKg,5.0
8X7hUEovOID-aYq3u7c08w,5.0
9Mol0UkjQD9upWe-R_Nu_Q,4.0
48IlkTNjXLeHmzn3QN6ntA,2.0
iM4ISaw7J8LAiNnRycQ45w,1.0
WnSzkEMYyMSOrBmnh3Tc1g,3.0
mpwSEloeWNX4xLvOLa-5Cg,4.0
sR1EY3Dw9vbStwi2LXBg_Q,4.0
LJ7Fqb2hlrGhYL-HK_VGAQ,5.0
-rNmwP53_QaZCjnZznhMNg,2.0
ilPGtLJOI8nmAf--NgqgGQ,5.0
v0l_phBduzprbC2Fb_i7_w,4.0
a-iQ1X0tsGxlkmYlzdeW8Q,2.0
-0NM6uef1HjFC8CwEVDO2Q,3.0
6g9_t-WnPnDVLHxTmF_MZA,5.0
3oGfNTvtKXlCX4f1_m7UZQ,3.0
a3crASQVMmtkGwM9GlPSJA,5.0
tpMWSk694hVi3-PgoGmJ8Q,4.0
Rosi6oSrt8wWC-wCkrJ0hw,5.0
-RgNOVpsTnFR8tRP4R7i-A,4.0
pycrAgjXsnLkLK-jQvCd3Q,4.0
r2RkETJD4wCjOzH2drIZQA,5.0
Z8XB-epdYB_V9blAUKCj7g,5.0
dRTZvgj3Sp05XQ4mlhif3Q,2.0
mJXHjSvLZVz0OXwHb9U8Ig,4.0
BzOZOuFU-JVLB6T0IgIkUA,5.0
6SKCpUGthiVyHocB3UdwHg,5.0
Jz65KrpfsJg0LGMWiIW2Dw,3.0
MlRBvC8vCcnjK46u8a_mKg,2.0
ri0j2yc9nTgEmPaxOdxnew,2.0
d8gu-y1jRxKFcIWPoz1iFQ,2.0
F9W82LO6NisxThiHJ1wOwg,4.0
r8G2VardSVnCsqIARgvc8A,2.0
N4RhBESzjU_FitqD80cJIQ,5.0
KzThjDRcRGuf-GCAK0lyIQ,4.0
RTv2fRugKNlKWawxqkN-YQ,3.0
qrY7BcArBzoWJ5uzQi_8tA,4.0
Pgj6V7_vRk50KFIjbjKd7w,4.0
SQhCViIPWpq83_DGaMh6yQ,4.0
tvmFP3e1XSd0hcPmM2QoVQ,2.0
HAYVHhJAV4PeKLuJ3KzxKw,5.0
4dNuXgqBAuh2XzjEUocxMw,5.0
UrIdiMqfN7iObiSWD-sGwg,2.0
HhWEj9zKp24d74SsnifSIQ,2.0
Rp5uP14uXqHGW2RSFo6-hw,3.0
0Z3uLkC_YdRqydHqRNvk4Q,3.0
7NmJc8jSuZclM2qBTnRz4A,3.0
hWcMTemMet9GZAtpQj-fsg,2.0
vxnNuk_NwlIuGIefk1MIEA,4.0
JKXPOIQfuDgVGXO_0RhViQ,2.0
ytgs2c_tq95Ueguluot-yg,5.0
NDDiN1m-lqbEB6E817c2Zg,4.0
btxpLF9b_qfb2fquRs3xgA,5.0
LNLkORQWyiGAgNzkJqaREg,2.0
047pI79w6uWB3hGCeoi0pw,4.0
3X272bYfGRbuJqNBNcmB8g,5.0
m1z0ZnuXDuPmH0GsY26VLA,3.0
F0x5GUMMnaLNemJVLz0Jdg,3.0
b7nE8KfrTQOU8QiZiLvlDA,5.0
TsEzGvNX8Q0aJXGZBfYQ2w,4.0
yuwbV4vtYheZBW4gMDLxgQ,3.0
uJSHhBzlC8GzZgAm_YN6TQ,4.0
VA5kAL4h3s3a4XnX_dQwuA,4.0
