review_id,stars
ewaMkuxfjfCX3ndtk0oRTw,4
SzkuvIpf0lcVaDgk5x2ipg,5
ZGg6emL3sqhyyqHD_DJEag,5
IXYLmBVvRVFJZEhnhE_YsQ,5
dao7SEXhBuMk7TieM4gEZA,5
sww01HVWPhpF6nS-aBTJCw,1
MQd4V_JrWKbH4GQy2LcklQ,5
qNGpnqm1PabbXoFejrDN7Q,3
jWGvg-3DJ2-BH0cl0AVMOg,3
vOB18ADiMpld8AuZkCvpcA,4
PUxVE9WnPiTq1If4vg6Jjw,3
U4vpPUwg716Dxnu6uCONJA,5
gGsH8R7WL7-9a84M52Ro4g,5
piANZ7zBJbnXPacwNJn2ag,4
SWG-l7ibKyhadaga_t2TPw,3
V2TS0XD5B17eCeXR68MELw,5
11I_22vRNuQJio8xvoiOpw,5
Mp3YyML26WEWI2UuO_o9OQ,4
jIoxaN8hWsKkor37M408iA,4
az6ShoIpYnNIV5lbPNV86g,1
c4o8_jSGlFrewuJx3Zg8ZA,5
cdJfb9BBmFlg64JKZVLgyA,5
bs55YAy7gT2sniFGH8uNlw,5
VcFZy6FFCTbMiz0rsID00w,5
56y7FJpKXeQwplchKSTsXw,5
Wsx5vsBp7exwxjSAfygXkA,5
QAnTWxRVyftK-kZnsGmuhg,5
xFTlbwEcJLAPRNkYCCpauQ,1
Oz0tnPC_WwAEYlAkCjf1qQ,5
vg4fJqZIbdI3_UjoV2vgIw,2
iUB-RXrU0hjkJIlsbTWDdg,4
GxCSmlM3Y58kmzNweZ1kcQ,5
i2v6aFPD5jKByQIJswYoUw,5
IY2DsXVYQiKCP9cz_7MMEQ,5
J52sw7gfAhgHURLP8tgT7A,5
ZeczPTXh3AxrEZAKKe_hcw,5
gd6JXiuyOeXJRqH5lSG-Og,1
UrUmNbK_v2PyQ5OdZz7VOg,5
cMX_OAUfquejxdZ-TBgN4A,3
1VPtbLT9AAIhNenetmsThA,1
44ZkwdDIdRQ2-AUbErYDDQ,1
Forqk33tmRjC_oe4QWO4WA,5
SOKL_KRv3qo4jHKgYm38yg,5
Vcn_ZoJal2HpscB2jx0wRw,5
Y-dHUJQ89HKfkSSxIDUPcQ,5
IzvDDyteNg3LCHYtIn-YmQ,5
TpUk3IURY1nARg1mI-DTLg,4
nNaIwJKr7MwuyuN___W64w,4
-UoxVDQM50BbV4fo2Na1-Q,5
s36un9RWud2E2p1MopqpGw,1
kAbXIm_IZHGpgRVRmpLDdg,4
JFo_Txby8YAmS8Otzd_nbg,2
goVx5zY_c_wfXp3n9plZ3Q,2
N1oa8huo4lAG0BmKSmtK_w,4
RaRgRutUIIuBVy5Mubej6w,4
_oO10GHfv3mDaZfCphr0Wg,5
Ol7RwiW3LJtEoXAwjEvvPw,4
Yb5xNJ4Z73SJfosJvIyT8g,3
i89B4tbf8b304akaOsAogA,4
zEqnvpzRt1LSCdtIqtbgyA,5
_wbuxcqcUYgTEHfgE_05LA,4
570ai1BPVJUnDDDriBviNw,5
0uNrU11QTGKBxmcqZ8N23Q,4
Nwq-0CaRq0ccHtfkN9FCVg,4
5R8zmlO6-p1GHs5cC2CI-g,4
q8N5DkjlupN6Vm_3bbKzbg,5
gQwcsqVTW2T-w3mIsZPRfw,1
KiInegjJFVlV3SrnwNbn_g,5
oIGCnzGn9QxXIVN8dg0Caw,5
bVE1KK_YrJQlFNP1Vo5gWQ,3
gAmW2R5UyGxta-cZHQyW1A,1
KWakJjQZjRHI_JZatCyYzA,3
Ur_yN7l4I2_dbUWZFFvx5g,3
SKoiZiJqoWMSWJ20KDhS6Q,5
ezB5Porc3D66-hADcIOEtA,5
6DTX4p284_o_k2n21hadlQ,5
MAUDgfl_jFbopYYdajAaTA,1
V8UhXcA9dEla9uG9cNVYOg,5
yltVG33C2a1L1IH0FIWUTA,4
tmPDe2ZtLpVUsdJUnYWeUQ,5
TFmcptAIs_AHHO4F2rqZEw,5
WzhRgDm0nbHyMGpFLzbw6g,5
t7lUqCGk6UbId84WZEQaYA,5
rW9UDXT5Up9z5-gtv9_HPg,4
Crb2TN34xgzF6jBA_Z4UXA,4
OcsWmKuV3cvbhUiARxCT6w,5
HJeHOJjjf2ke-dreFpBy_g,5
HcMDZZfm5ZW74RWrsXCvoA,5
223-LJ-1S8OdcNaNOIm1Lw,4
SE1sU84hC9X-KD5g9yn4XQ,3
yKqhiz0A9QPeDdmaBCoiCw,5
Od5pJbdbTHK3TV2jI0FiAA,5
4yauQWonMnCZ7rEeFiOzpw,4
BK3nqJYW5cD_wkjxWU-WcA,5
ruRwkg9pyOS38dDMOrTrMA,4
AuhDx2l6lQ7RMxdIzYNNiw,5
A1OQhhFyuhOhPDtmakfGcQ,5
-pytd-00a9RBq036J71rYw,4
TMHwEklFZzbyOlWXBs9YCw,3
TEAN7zyIzqNw9hWePii6fg,5
7R0X95AVExS8Gnc2d3PTbw,5
_NBG-s0thpmxuiA_QUIewQ,4
tdC9ZokWOrw85I5iB_ca3A,5
zD-h6WluHwx_H6jr_LkeNw,5
EnwINUOmACOme5EDuHx_cA,3
5vUikzRhmPZyacOM5DR4VQ,5
owFVi4Y7RNwL3QuCeqHDXw,4
k2Xa07jjllhEzsb1EPmO2g,3
zHN4xWUDGmdUDIRnCgkJEA,5
ZSn9urGiOdv60VfZQTWqkA,1
TMY6HRaCQnqUljsnNlj_TQ,1
jWZL9aWKAUmwenaKXu39LQ,5
pBQxUOG-nkwUp1S8nTTwEw,4
Y4UyTm4tOQW8fhFDamPm2A,5
ft0jJpchDbjjhiwKQdvc_A,3
u5tQF1Q5wJNOCMSh2jMtSw,4
PRIQQ5bI7BVeM41IXZbN-A,3
28fAMmEu2vWxxlaDKeYsHg,4
W3RMjk6DIyG8_q-Z865R4w,5
eWThOoxK1bJ4xH3phV0OMg,4
bL_Av2Y40RUoxIaiNnOAsA,2
X4ADfxpuh4_uR51c7k_q3w,1
JjZzuqe4JWK_F3kW2jP6gg,4
EqU3eguawKYxDubSJagmew,5
4gH-5f0ewrH2Vvl0UYtQQA,4
jZAAoML4Q67s0Y1lVBTPVQ,4
3bJ5bTxKYfIeVqFy9JxVNw,3
tWoIS7Ok3ZYosK0Pi-bjzQ,5
4L1CQNlIh0QK9UI3c9ZmcA,5
zN54ArYIdYYEBPotCvDbvw,2
w-ORpIq22QY_E-SQvM2r3A,2
gi_V6yb_6bGH6nWNFV1YXA,2
b0HZx2KPq3CkpItKQS8yOw,5
yEu3bYNvZps7TVc3FYMBjg,4
tF_IJ2DJLMyS8YTKZjtKCA,5
pKAAZk4rdGzvVgcSTPo-WA,2
phFKZFSwxl8HZ3c4MKzEBA,5
GIdE5cXD0jM8Dtm7mWxzCQ,5
etTiQ6b-MkCHgABgU1xDCg,5
gNRG0K0Xul7xRZIWzVSKIA,1
n4uu6lZeZuzUyO8q1XavVg,5
dQvjYOxN47L4Ypi1OMNmdw,4
tuy3RBL8V3kTbuAPRJp7Kg,4
_h436oszTKW1VGfIk7XJCA,5
231JPi5ZHSSQEvtsm5L_kg,5
5pcpr185BZh7X8BRGIzX7g,4
qZmaUiUWKGfwPxzEimUjhg,5
AZLer0LYZAsdcG99H1G3Xw,5
avVzDnjAULLIKdTt6kP4kQ,5
1fsRS7bDKLWJmYRQNnzPlg,5
0jf1I7YQJiQaeFnpbaaX-w,4
sK8-z6OI7Cio93GCzGzWyQ,5
uOZdYaEey9bDkSf0YkGHPg,1
u-R-qO3a0asK0JIJGV4AXQ,1
rcTwZvnZ8YMpo1Gc0PRAOg,2
zVqtkGHlr6Lxw-CTBvF7uA,5
DFX0NvHQ6WgQ0kM_XgY7Wg,5
VUWonMWPCj4u5c9yJc-CTg,3
tl4u59DaOyWgkBM09CF-dw,5
ILzdgklzsA8auWeedzP4lw,1
dBJ6dndQvFB2tMEW0XIIlA,4
LCMIgIeNq95BlLhkvgiw1w,5
6CEc93ySnu7Fd6g93Xi35g,2
lwOdiWBjT4hPbDZe1_pDlQ,5
CXEKfXbLLc9mRlYaHsqeAg,5
jkk2rB3-ccH9cURgkoXsqw,4
B-6w06rXj6AKLpEqANAWjQ,2
Db-YGbGulXGwOy281UMGkw,2
DvUhIQ-5lUSERK9KmWzRmQ,2
VhKKFyVk67ktKInUbcUOLA,5
_c103Re0aIio5M-au19ZaA,5
lGyBttFr9nv76GRO4fKfIQ,5
lea-hl5STW4mk-w8P1sXGA,1
tXDYzw7pQpE0GeZYC-MyMA,3
8MIVmx8B5HzjhoqrH1Npgg,1
9uK1TI5pyRbOgFMVVIGzjg,5
iCsjgslL8vJrnwwul2FPMQ,5
xxryAReeDJG4f8JOnbGr6g,4
pk6piZwnQ4PcRK5--M9DBg,5
BW6HNs6d6S3X2OVmsQvSNg,1
PbZPCmS2t0mhPiwUQ1Hscg,5
StxQw0S6WDh-f_pVjaow2A,3
q5LB40QRTREngGhX5mGAMQ,2
XkdJzGbFrEqQLaLlBYeTzg,5
9hCuIQ324E1yJunv3hK9lA,3
so-r5mmMR3z3PdGCP_1LJw,4
AARR0KMxXekYITRIYPyX6g,1
WGhBteE8Ou534jfkjKJumA,5
yCLqQUGJE90OW9IW4CTXTQ,5
ABhuao8bD6_jF4vBvuhHxA,5
ozTrbaxn_An1DWSCOZfKFg,3
du2F_S7opXwqXSNObGHbLg,4
0sitJo5qjLu1KU2gnfDrXg,5
nnGJpDRa32LAn2PM8-7ZGw,5
zGkbzWXmV9WEy7m7sxPcdA,2
UwHCljSV1WiKD3tAGpFtNw,5
WsujTSsma39hIpxN-Lb53g,5
9Wh_0Z9IRmPkZKyjNAjhPA,2
onW5J6HswckxqzDmpvmR0A,3
Y9cHnuhPab_5eWbj6k5f3A,5
evfAdXEAwzEutedxPhKQNA,5
hlJ2v1K0uAABx-E299fEQg,4
xPFfhrdxSOJlyfvnbwBekw,5
bEvR6AuGKDLNXNS4F0-3MA,4
W8WnGODtxRswKlyfJa4Fog,1
qzeAftR4YJWDVu_yyAaQ2A,5
UqGDxtBASkiS47v94L14jw,5
DSPdTd21p1Hr_Pe9ZyX3JQ,2
hN7tr1c8EfKiGElskRL9ag,4
_1zrFL4N4n91VBNB-PoNKQ,4
T2L05ovcMxE2CpENldK0zQ,1
txHUU8nw6nUKOtaCLr7DuA,5
rYNDwwbaYzFfLD6YpzVRUw,4
lp57pH1CBy64D1z0QdNAqw,5
fiXtlU8qJTJuOa0jzGBnfQ,5
_vKjikWSBr9CsuqgqCxcWA,5
bmkpiM7vhaAEJz_p5kkw9g,2
uv50-VEcekmIt16TH1OXQQ,1
YmTYMHCgjU6tacvOOhUHGw,5
gLchYNwQ_1N_gzPb4aZ9MQ,1
SYPm1NQfWFQG5tuImYUq5g,3
qbsmWd9Ot-u1PDO-QlQlSA,5
F4Pn-nRpdjhwV_DYElLJZA,1
nYBI-Imz2CZbEu-k5WTZFA,5
BUKQi9YVrrjpVjP5uJhVHQ,5
jVL7vM7iICr-7Rwh_L6GZw,4
8GXZG8ZIrImtq4bzMSC4Ag,5
eRKgeiYyJiN5JPowDpiDwg,3
IEK2KIiMRgvSHPSAmowfvQ,3
2ZnTYaIBaZBBLUj8rlpUng,5
ZneIm-2l4x3N2LoWiHkh9g,5
uEvg-ALKRkMs3TzU8V1AgA,5
L7M7GQax2JeykRX7UeQUKA,4
YdY94B7EeV-gk-2Vu82vEg,1
eFojLiSUIA7Qi29yG9vLjw,2
f8MvIoSdxXx8Phq9X_5WEQ,1
EmKLsdSexrp5s_ykkQUaoA,4
vkMeyKIufyf8W6sZToHQ6g,5
o7b1LyyIDwonsUkqRqBcRA,5
rxZ1K5S5G5qPOFer71TMFg,5
zCFap4eNLRYMJjuivz9TNg,5
JJXlijYWX2hGbBuLW8B8-Q,5
lgAgzNndW-SgfX-kkG2TMw,5
-j8IFt5OsbOeZLb3qHCT-A,4
giZBXucsq_sgMGGkmyrL2Q,3
tr2IcNkckbZ8GGYo8z1a0w,2
e37ICUCsbQzDbD-9VyxikQ,5
lLd2A-X_6TxtXxFpJpQIdA,2
xQCPXPZrkFRG4uiAfvA47w,2
XsV5Izqao7dnDl61dBNx0w,5
kLgGOs3z5RST1TgBf44Urw,5
o_jXkSmcsxESRQnQhoZb0g,5
I6v1M9v0oXphZxHgHdzzLg,5
SWLJ-_Dtyx5gaLejIHEOiw,4
7j477VKlA8Oh3NFme-sv7Q,4
jDfXyS_kY9IIuv5NqCqpfA,2
M1WBozFZSlGOudMKE7aPLg,5
NO4X-PBjZrOtunWU12AjsA,5
dYs3lNazgzc9s5ENZYDqcg,5
vnCB9N2O-HFzGNScQ4gY1w,2
LsEh7rsaQVTlW3i5vLoeDw,3
Chi3xNF0KwipYeV29AasGg,5
eiAPiNwNZFDfC0v-QgO8sw,4
ZnPHJZnO86adwIu8Y9HybQ,4
6Gm2JJlztxz_pJ0WlYuoZQ,4
H5socgtMAtCe8xmFcfG4Xg,5
e4lY3tiIKJqnBnjFdm3DSA,5
aOD0q4DX_V74UzN3GKAerA,2
1jnCery6YmRfyYgDZtUbxA,4
_gqwkIvztj9FuMSosgNl6g,2
1PiUHEXm81ZZ1q85W7y6zQ,5
-X8cWodpCT1ehiDjRkCnuA,2
K_1q8diQwab2c3qym1qckw,4
sM3GRMihZLtrqXYn3qcsgg,3
aP0WQQRH4m5dink-P3V4ZQ,5
xLcq-KNxQjDoYoIuWKbMjw,5
yhO1pS42bJJ_dindYULReQ,5
2tU7v3fUgD1rCiB9JgZgeA,1
bYIxcoyl6ktgZmUI2faJYQ,4
09UOKQpELEDIb_qhocF7Cg,1
n5JCeehKJipqlGhEtXBmEA,3
s4fUxEU6Bz5GpGn0zZNABQ,3
BC2Qyz8Y_VDUzsMLcCpCbQ,1
-MmaSPeLO3ASZSZA6FpObQ,1
hVnBv5RpLOI-it-aFjLNVg,4
durDLEN4XxsRXJMsGbC0bg,1
t2KssKqAR1SHsBA80R8LoQ,5
uwpbnXpPt4m2If_7L5PHWA,5
zZtRPuK0KMRQ8J6d--4jCA,4
m3je8B9OEGhKrMiFrKJg9Q,2
fHj_mliWVStBBdCKHfrT1Q,5
n4ywEgs3X40lS2UWOgffyA,5
eMHIXG_r_n5cHc6g7AwIbw,5
eVbaUDHwZ3lj2kGThSyu4w,5
F_0VFeD575XUx3on5MCVsQ,4
JlRFk8U9rSzBcWu00UMo_Q,5
m7IJG8Ffmfg1x7NhkyNHqw,4
7jMZT-_R59_jfh8aYrMz8A,5
f9VDZ9grROzCV1VpyGN8CA,2
diQkB3ZHZDSqc_34urRMzA,4
auh5To53rJi7iuBp96fhrw,2
bYiHjBIfwx5dsEdCyMV4IQ,3
xtzGS1XO8YT-gHKKd3jvAQ,3
BbnDdWlsdNhpWCpTwKq9YA,2
Z-pxAyR6dMArNYnyJKDYYQ,2
CUgdH9TPs5xWZ2OOLXjZeA,4
_yVI_eHIbKl79-mgTXsO8A,5
ds_MwD5Swv1GmkXQLgQrYA,2
rgehvBxUlv4C3VCKVx4WDA,3
wUrxb-6FUdFt4v8_O6ugaw,5
7EiPtJJNRfbl5k4e8uEJ9Q,1
bPPNOB5hHt3wEjd_URjpgg,1
nXHkuE5UOYfQpxM0xICm_w,4
jWSn1lwn4AkacBRXe03TbQ,2
QdAAAyWx3HQ0w5exRW-2Tw,5
DeLCDBXZpfzXXqtreiBUTA,5
NiLh8AW9f6uBmiG7gkhohw,1
jXS3i1DSwjnI1C4gKDgF3w,5
jJbZOBnP6wTectCs-3DILw,2
kiEukBW31C1DX-hEb3dtYg,4
I55O7XXgZ5H-LWK_EkGgcg,5
WKfOYm7WIXlnvK6ZYFJ-DA,1
CpDp-S2j_9TmqHGstoudnA,5
o0ADxb7vbd3c04IBcA0BVA,4
CbGcSe4E-o9eo7B4I6uvRQ,5
4-fN6Q3eY7fWWxW0PLt4HA,5
F-W5h57KzzabzmGiS8DBXw,1
wiN6OdRn7FMWb4t-KhoTMw,5
t7CfIvIAqJZ16XdLUuA69Q,5
7xNMv8SQ-wwcSGvVUNhpig,5
z_p5xfb4Z6uuyOM4kdHUQQ,5
iSs6Q6GE1KLQnYezdd_uqw,2
cV9qGVYqOQ-op76T30m4jw,2
9AalR4KXHed60DnpAG1f5A,4
vI90KzA7BgqmalaqW2NOBA,4
-hkb0AQeZGBAxJCvtqEfPQ,1
ZUrYvKWpX6-SwDsb8w2HWg,1
PpMnFk8FJzclyJqmjCFpLQ,5
ND_nEloP6bzKr5oCjLH2hQ,1
3OunPeAI8icn3Vz-WsXpsw,5
wqDkOedGzvsvNyopDyBGMg,1
N7Q_IcnqEVa3VSyb_KKtMQ,5
JKqCTG6FVg4SZDXkZnE4jg,5
5Wrrkc_pdLvgDi0ff-m8zg,4
mV8gpepDVR9iB5CPHoDuOQ,1
4KZTn-chR05JSbVmKHw4lA,2
USmso7v-3zrBZVoJcKHoNQ,5
UBrwO-I6849HLffLkTJNBQ,5
VlqR5stWsty-Z_kky7PfCw,1
nEvuDHVvb87ZNpsvyoUf4g,5
pmlYsMzXMRvUKi-hmI45ww,5
Fnjj_CxOrMdtYKsPxowZ-A,2
QnbuUgEtAuJpwGyEQ0hmRQ,5
0eXbLh1vt8ycJeDNtYTPNg,3
StAgifGI3L9nQISSEqGBRQ,4
9TQAngiUJaXf11tGJebMuA,5
5M8O5bYiCj6Kp1Nb7R8dtg,5
psEQNlRob_uevkmjCNxuhQ,4
sZ1VfK41zBfvDmR_VPCHaA,5
1yIi6DNBgh01KLWm_9XUBQ,3
s59B3zmgo5aZDhYqOBMsNg,3
gAG2dZ5fpi_IjkIQkHXdNQ,3
YjdFHs92pkcoYyNpWEdyPw,5
HFKueHE0WJqBY1aMRXVAfg,3
ZXDx7O0Sxsi0OUib1jP3ww,4
ItSS722u2glIUmc_bPxGPg,4
kicmIJvfo2sypNZaCr6jiA,5
xdtMjhhYY1XRo6WWMwMrEg,4
jdGQl9_ZR08bnOaIS0TYMQ,5
s1OI7_WMZfWdSZFUVqCz3g,1
6FI42UWDI0mOC5UPtTUGgw,3
WkAdVbPbLM39314MnKEC2A,5
gB5PVzwfn41nHuh4BsJTcw,4
mugyiYb0zHpDtKvWEObUPA,1
aovBRrmPZ5s0tMW8oBqP9w,1
QTIiGQM0bzFpj4u1z9xknA,5
IBOWhfCuy0ibbfaBzPE68w,1
zxPqHaNcDlwwVJLDwkRPGg,4
K07gLAZlwNZUBCx205YMnQ,5
TPO89QxLUQHXV26BnKpUeQ,5
yeOWzt9EHH4n-hfqLyVqsQ,1
aLXjMiDq9mlH_EeA6XKH_A,5
dMNzROC3xmDvHMOvYvpeyA,4
TocbRY4CBQg-Ws-LjuCdrA,4
jpf44Qp0cKfK_-elmvdSog,5
xJWDiJ_tpBkxQ03ZsogqPQ,2
F7Y_C6L9kSXpVCTK0oQa-A,4
Eo7NhEPvMRiwAzwNVmvsIg,2
o7U_3YLW8Tx72E4DQPbeKw,4
QBH-AcO0THYS6AZVCT6Yng,5
MunD6zk9nqu9zLkvlGhe2A,5
GGlHpbt_cGL7akMEDKxcyw,5
Dd_xbca8TsW7zfWP09crCA,4
MrZOPwFo6Fg0LrKgq0lRLw,5
TsO8gwBqAkDl4Krtz4bW3w,3
u6t2lrT4O4wA_KpopNk5Sg,5
5AYTnEyHgjTpMlewL0z1Nw,4
CXwCQ5kFgNDnU7JVttE50w,5
HeufJmn7Q-2FjFjUKBC4WQ,5
cP584kA-kelhWa8_OsYKQw,5
UPAl8VerNBzlkxGGqM_0hg,1
AdNZuWNO0kjBu78-V-C2WA,5
StN5aaaH_KHHmdS9tdzj9g,4
APZ-IFwlz34HqLOuZYFi2g,4
JLrWlxQ5UMtMKFdAUvgivw,1
ufg68sfQnzcyzCJQ66DnxA,5
TPG_UHaZ6xzkYDwtul3zqw,4
nB7yVwg4D859NqH1yNKZ9g,1
371Wbr8ue8X7tvTwPuIthw,5
jOExIeF5jnQuX-duBDyXrw,5
HgYIvU-TpnxE-zRxcEv01g,4
nQuVigU0PWTUosZ7kLstGw,4
iXBAmcmatDXu3HebOyz-9w,5
dOUfkyLIzzPdkDc1lJX0AQ,1
E3vfQTy1iOH7QJ5KOkINWg,5
_inbJx1g8OwOWhXAmsfNaQ,5
Mf6aOpIah4Z-0y7qM7fxmw,5
ONKklWsTVHoB0z_paWUA2g,2
4U-hVwZ77oHuVxMH0V1G6w,4
-yTOF_4f9WTzj9kfOpcc7Q,4
D-86amMljcVIxeWCxxAt_A,5
IGs9YOaXvWyaOQVKvPToEw,4
TyZpqnd2uAMwx3JRqoMyig,4
IKA6YwN5LxjTgqmVo7NdPQ,5
7UGDwCXdNSIHKa0ntHJeHw,3
MlLSnh2F_b-km6eVUh97Wg,5
PiGbkQPl4xZ_wQsTuR3tZA,3
wzbeeYfuhbJMD0htpBBYwQ,5
xyBStKEkNmciwG384d6lMw,5
AmiRb8xJgoHJOADSN5xByg,5
T8DK5GKiaVfPsARz5hYNAA,5
hmKZmEgxwOIyWNcdmHfM0w,4
D2IYGlp6fKCgqu4dAhcsog,5
Q9eghaWljma8oFLHJPzthg,2
t0ohwLsy2ri4nr79on5yOw,3
akLt37PB9bI6hWwr8EVd9Q,4
ueD8qM2urdvDjMTBqkVgXg,5
bofmTKwAWfUPu4nL4tKkww,3
Q9VgPX7niP0zuh9yVz9zJA,5
pPvFZeZW8LTFI34-5sAPbA,3
muxrS5Q0SRx9iPavrQ-DGw,3
DkZrF85M_cXaaUOK1I2xcw,5
uumJ8YYtquNsnEBp2_cuoA,3
qWDjgGwfgGhHkSOhWLpvng,4
Fvl6dLJLBQmMgdV1c476Fw,2
vE4dV7vIOF0n763SJG3hbg,5
N1KCxeJFwGEFVK8xbfn8tw,5
39whhovFv9qYB5eMo0emIw,5
Fon1nkACnFSZWAw0MHljXQ,4
QmPP3DmYvUiCjDk7f2XQ3Q,5
I3DyzqpiYewj3STdWPRX0w,5
QfsZ2Xsi0H2FGk-HnCiJ3w,2
yyWGFzSp--9PE_5japf4IQ,3
gYgWbiuMU_e0nG219cPqUA,3
UoAhCbIg2i9HokxbNFyHpg,1
BHSgtUFee5C1Jz5oQjI01g,2
MPMGc9fLzkIwjSR6m96zJg,3
kPXz0Vnu7c1mteyhPt5MoA,4
7HvCnHDX5N8t3os0UY3sbw,3
Lm_8HEBRepecAnSF5aJ1fg,5
L_eWmk64uLbr-QQ7nk2ltw,1
71Ftc5__Wk4rw3nugnP7mA,5
jGmxYBd-A1fYfWrBvdp2Ww,5
maGeDqQuR4sKULh8Ubt_Gw,2
VGmuFhsZKHTC5ReKAdSSCA,3
v-0xLbOzqRoq3J_jR3j3sg,1
sRn0AsNd4q0WymF1LKlK4Q,5
L6ez6WoQ-0qQlK2IGxP15g,5
jp2gn-oW6OETM5TTvq5sEg,3
SdP89vOcWvhIxcpq4ltn_Q,5
Tqc4rwj1UsxD-P2R4GV9XA,5
xtjpRrLR1xPsrRz4Iwvpfw,2
xfNmLU92KjLQBgo7WAyIpw,5
Ci795gS6FEv3TN4rfOlTiQ,1
9t4ru8QqVadvRGXcZuqiqA,2
4-63qwnv5gTL7SHh1srgSg,4
M-HMfU2_1HAhLr-cj7YLFw,5
O1TwXcD48m0TRI9MhXuu4Q,5
6shJN3tOOQ6ngdPRC-So4g,2
xoHk3OQNIxNaOoR1vaPIxw,3
V94L9TOtt_K9kBlcqofrmg,3
xHFJglEtawB_RaEgQuWzvg,5
SppLXLxMYBqsi3HY9RzjIw,4
kyYtwBpKboc-fZon7ss1hg,5
e4glK1a-30878jHJzhrFlg,1
NEzO2BN3RwRZu7MbvMD7Ew,4
PYzIhIEWTCP9A-W31V9KWg,5
E02OBpQKhCCkCXWKjsNhCg,2
49BGNJE_Vc2KopXLk3opeQ,5
YzP6L2aOkYeqy9Kb9SMVfg,3
mLiKfiIQTggLK_tx4vACig,2
hTfYPCybIK6y3xK5ZrL2Fg,5
th1HHFCeYQQw4KjXxTU-3g,4
DIYfCDoDxv_WGa13HvK90Q,5
ory_Ha7QH4pg1r2sCIRdMQ,4
GpZu0SaxO19dqtgVbyViag,4
sfs03gHY3aQXvJkA03ecQA,5
4BISFEuMO63yPq_4qymD3A,5
DeBliP9ebe332lyiGFTw1A,5
JXYKk4sPj0YKVh9gvPH78w,5
7fnuPA0elejqBkbwyf6-6w,3
41wlGn1PLgxhET_U63KjDQ,5
fPvwq6ty5c_2MDWHL8PVlQ,5
eljy938khtka2gaXlAN7dw,5
xzHJu6hxDhbQKxDse5G0vg,2
JP9nuAGxBDVumI_v4FZ9qw,5
o89liREa2BXiNl5RcYWeOw,4
t3t69avWuoGAAHntLX6PJA,5
i0PFDacCBOM5Aft4IoCRZw,4
IO7H-_GgsrOhGkGvQzG0pg,5
6sQEWgI9jkqp1eIjJUS-CQ,2
isyHMiB2D2IJrxDoqyZCEw,3
coxzVQl_vEIURtgvjpe9uw,5
pJWtFse9-xOzI9bHAe8ihw,5
J6UIvN9AxxszdeYNiKV-NQ,5
4tuBgfCs5J1NzfH_MEC3Qw,5
b1zCLUqWyZ3RUPbPjHPc0A,2
0eAmRxzYyk98zXXbi7cQpg,1
KxjHb8sh3oh153QT4Ze3eg,1
NYueIA9TtJ0t1vfG-rt9Nw,5
F6TijRlOEmEk7MMJ_fdm4g,5
JeLaSy9T3-pdVj_fQ6JX9A,4
hPj1EyiIx3HJWJ7NiQdlNw,3
h8ZOups2AlbFbd36Bls0FQ,4
ySR6fBmVGYiXoXGSUslhlQ,4
h_7Z00Q2SWKvMpGZ22gXCQ,5
YP_Jv4y89mH2SmY1Y1KMWA,2
GT4cKPvhofxcu5g2Yz7KxQ,4
p_ziWrqH2ws5qqZT-YJ6mA,1
54xPPNzAG9qRXsQ7vRo6jQ,1
uTBYOywj9BgBy9cy100noA,5
TtuYzAoRNulwyMrWx01Hlg,1
BhuYpuMjNYxj-KSbSoLSLQ,5
a43MkZwyjNwvuSkvfuG43A,5
tGU4ISrZBlwkJniv8gGNcw,5
sttkC3HzDDAylP7H6kLEag,5
oiUywUllZ7rx2xYaxQNuYg,4
GuD-h0WSLvnlfsqyhRO0gA,4
vd-CiTQgMZFS6flAe3tWgg,5
PfSzatcZ7JNLjPccnxgEiw,4
hLNkOFKfweo6LPA3_A4wWA,4
oPrSk4eM7oSWtssWBS4hHA,3
7mXwe9v1bRX_aE5sCidVgw,5
FQMRKgv2HKy7KHJVMA-VCw,5
qcMmkz6blwcyIeekFtX-sQ,1
IuI98CTwHBBk5IzpZ7y5kg,5
jjQEzBfUXO661YJxNPyDaQ,5
ihEzq55fEYBDjIFU9MKXUA,3
DsZwAC6eVshtQ7z3rxJDtA,5
V7QTJCxz7e09qwTrV7meMw,1
gtC2IUKxJSXABUzmfr3vDQ,3
tBRyMALhw6MrrcS9zHRGYw,5
Vt3RslHL-Gf7udPSnYyA-g,5
IijAHjM3EnyUhctK8n8HvA,5
c-QjjH2hdESZbPst0W2fZQ,2
CJ9PenyAD4ykM2Av5l6FYw,5
RoMq5kR9_25lnj-62JugXQ,2
1dPNo1Fgs7OsFpuhGVKqHA,5
Gz6DbcnoT6ekKrcTVzovvg,1
Odg6hI43wns_U5W6UOIROA,5
7x5UQHClTEUiBB8jgr1x5A,5
QcI8Xy4vrJThPqJohK7blQ,5
8lQ874AMz3o-Hy8bEf4_Qg,3
17ZhH1ho9RpGSgbd0qm3sQ,1
5vMbwKUFxKffkI10MgwcNw,1
MNRZDwvZ1t7ysihLoEUTTw,4
iLYgIF9nHG7DK4iQcPW1bg,5
VX9fN5lNiCBrMtmMQxsSww,5
_QJdg3S8FmWP23pQyHgi1g,5
LucCPlFxzr6gJwFfhR8ynw,2
xYel-ncD26Es4m5yRYAVWA,4
cWxpgDV14PCmGWNH_bNcRg,5
B8su58eys-6xa4tf64bdRQ,5
d6ZAwiDnksvNQe2DPuep3w,5
7Q61O4_qkUC6pS1vGjIkbA,5
ElsdGE12j7psggCcLg2S1A,1
7D3Z1mENmqwGsNMICwua_g,5
-GuGBk6JsMjmR_jAJvyIRA,4
jY6EDYw8ayy8hLfceBZgRg,1
b3_rG9YlaVJuSKUga4LxOw,5
AYS3CKw7LNWiOoXG9dAtYw,4
wWZCZtSzjkXJSAp-Y5NwOQ,5
oK_JAaGPOv2iDsMJPcETJg,2
qbfKGkJ2LsLQ7ifbVy-pWw,5
-U_Y_mxzm3aPXFyTUwgcIQ,5
cFT1M6UGO2AwqaeF5OuL5Q,4
pe3q15DKaDaWhby8ABOsvQ,4
U9QdCBQvfnOkjd82p2ACPg,2
tZEKv4073AS27_hI6CS78g,4
50h-mmQ-4GTQvZW3naYfDA,5
tVzgzguKFn2wbyCUrTLxOQ,2
s1-0VVyYe5Sgxo2cdbGZzw,5
0HvYQMxK5jUTn-efqXOr9Q,5
WLmDKm2nM1UXo10f0y4zpw,4
dDVsrPD9nC8K-nF0VnM8Xg,5
TNRRVnH2TH0Owu0t76ukvQ,4
x1bI8h32Z7IUUTXcwF84Ng,5
4xAR8YXbVyLK01FFI-eXEA,5
_t904Y4_caG6kWciICkRyA,5
gwydKSx5L9a1ZUIGtXZebw,5
5vbqO06Y6pBIhbGLj5ZUmw,5
UDz02H3XxTqkBmK3Uuqf_g,5
JuQhinmfqjY7uGw51zVHIw,5
UioAQzo4c6pgMa_1KxsAMg,5
rTZQlLMw4zfAzr9jNkXE0w,4
igkHy6QBXqQDfNVrdl7uXA,5
txsnLkIjG6IA68OZpDiKpw,5
ebtOQUVX4kkzAKjY1_k_bA,5
wQdJkpMKieacYRe9bWgWLA,5
3Ul4BrRVGarGsf0tWXkMFA,5
bgZ7PLi78aGtxVkVT3V3Mg,5
KHbzyzS37EU-YpP31qtkJw,5
A2iAg5ajXX6Jf8yq0UOPuA,4
CWCMg1oII94UKPTjPfKKAw,5
p_7h_w7N6lu24hxRgLGUiw,5
MwAzxgW96kvFz5lRLM0Vyw,5
b9PfqZI_DQkjDGbkxe-jgg,5
TOrzS8a_ndgOFWYonIsEPg,3
IsEJqW8ea4cMEgZW0la79g,1
uZh5HMLOvm6AAZw5O4BvMA,2
YIvFbkqWhhrRgQscV8LJBQ,5
pEFi-Tjg6sVxawUYBdtQ9Q,5
ga-Ii6813kCeZzz3TtI3eQ,4
x-am4peGe2wLqXEDPV6Rfg,5
4vbR71nLF6a_zI62TJa42A,5
NOhHnJMMD7MxrgzideMIgg,4
LkG7emR8ri0HN8niifvkSA,1
UCKKiKzSOHALRGQ6GC_ANw,4
An9-9EtrYiidBlG2hpDpqg,5
TOIIVFmkae_a4Q0OfhqIwg,5
mxQpK2ADOxKhPfWaVgLdaw,3
2hdDq6uKGWXBpl1WzeDitA,5
VEYr_eY2dIhY5gaRxssEpw,1
VOtkGx4EF4oAYRCt-iWUyg,1
fBuIXRXM3EAG04-ZV3Lr_w,2
bTImjDy4ch4O3DRpyzS5bQ,5
CzQUVg3igxmlFvccLl0PrA,5
eVYADCdqR7tmWv0RbfJ93Q,5
aQlklkX-duB_x9kQUEK9Pg,4
RhHkLqOEAxokU0ubGdXDAA,1
VwbHxeveoc_rc-fUxyTekQ,5
Uczlhvw9cPT_pj7ARVHOTA,4
LnRtbtTeYFkykD1u5FiDUg,5
K7lVNK74togmYg6aOmx0jg,1
4gQeL3VVgf5rjxGP3u4QwA,2
iiiaCgj1pBAfKvFJ1I8b6g,5
bPMGmdXDWEIjuFnxdTm-0A,3
bKxbyyekb5pJQZcLjMQlgQ,3
yJ-2bWLiBvanth3NHdaSnA,1
RDvdn3t-nRN58ppCicklaQ,5
Uaj7PFqgGg-CBzbM-q7A3g,1
v1JmdqiHly9pmlPDWmGYLw,4
YMI3V2bPnwM7aCGkoICx1A,2
RCU1hwe8Y4fUZQ-picGlPA,1
lof-X11taxpubUxIc_jy1A,3
Ro7_gf7gBTY4FkWzlI9NFg,1
Ilr9GC3rYjZvQa6_H1UNxw,3
akaIpKtAKVfY2L-UnNoNcg,3
X3_Pd6L7ZTjn65XaQPq_hg,4
EaNIixYJQQQwgd_IpDyMUA,3
lp_CP9WZSkhGNb19ndpgpQ,5
2FHrNZ0c95bIXoUqVq1YAg,5
bFCnzdJXECZL3xE_0qfBFQ,5
eA4Zbq_wuR4QAs2tud_PUQ,5
pI02x6q-E7TEGxeXqZA47A,4
IoraFeCW5Toze74D-3AZAg,5
Y-I2ixgHfXyiRH72XccMMQ,1
skALTFW0Qh1VP0RPh1uauA,5
fcvbaKaccB2sBnppvTX4gg,5
p_mH7SBmLAZVBjgHcOkZ_w,1
vmy1jIFnmRqaPVUGBjLLLQ,5
wCDAHx98lKUJSq0K9Y8PUg,5
o9xVa86ixDnesmqckK8qLw,3
D7QgqUa-nj9F9A9bGgu4jg,1
mcPqmcX6mOaQh4e5_RxvoA,1
kH7_dUxG7hQYsWzthEHVYQ,1
uKTsYXy2-SxAtqG31g6G5g,2
NB73HYujVx1LHcCOOOQIRw,4
wPr13sTFNCNjubI32naEJA,1
APkl5yhSJBP1eR3PFP5s8w,1
iAlUm1m9oMpIVv-Q3ppSDg,5
dW2CE2g42gYEU8k1vl-89A,5
yllm2EH_bVuQVGH7qvB4EQ,2
Pjs_W69aQki1JPnvU9ew3w,5
odayiMuLBOoqiCw0yYkhZg,4
s8b3SZwnM5k6zuZd8IB_6w,1
KMuGTu8XeP3_YLt97EjTCA,4
ncHmy_61BAcKgZZtlRKtkQ,3
KsnLigux-r25wvHOUkbSGg,2
0UHaDT1WOt5RyH94UZzZaA,5
WsHDB2PQnrfY1NRdaw8hjg,5
fzTR9VwOZHxiHYdd4jK7KQ,1
pbflAYNWiQKwTLVN_6r4Gg,5
Fn5ErHU-STm8KB5MtYauCg,5
eC333TVUrEPsFdVHLPp5CA,2
aS8dUOwPwNi3pvAf0cDoKQ,4
w-MqcwBI5z8JuwghIDzhMw,5
e4KOC2oanfpp2fkmGgsPKA,4
y2jziDr317RXraxyHWP4gQ,5
E7jNkI1qkL2ponp4XXjE_g,4
3BE5Ua74oX9VJNbOn_4zuw,2
rng-8-lOkOFX9K19U1SXVg,5
GRj2s65NPal0UybHJymwdg,4
u2rLgZayTlovRlPuOZLY0w,4
yODLqWjWMTrAwvT_vM-M3A,4
LxclQ_HqupYb-jMCtIwIWg,3
g0yTkOngbZAhVmvD7MxcFg,2
pq93LVg5Afp3Vg7TfqFbFQ,4
x2VGd4p3VAB564YCGPaZxQ,3
o1Y_QmxASMpb4vlZ2v6ObA,5
8nPcCOpg6ciwbJn7O5eTxA,2
4VLap4V5R6gnL3sq7aVz7A,5
jCKPDMSk1Hnf10xQxqCuaQ,5
3qFv2o8ArcJRCW5FXcON5A,4
s7vkL7vTvLoz5Hp0WxRRKQ,5
xceH1RAb2kv30rfWhyc2fg,5
ycmNo1MKzanEDRn_QEe4oQ,5
MKWuwq-NIfhINshMBIlWCA,5
CRAM0DbKGWSmqlq0KetZ5A,3
R_WfmOBnWRWY9_8FTgWZzA,5
9TDF0iBRlRFZF4u8E1aIyg,5
OPX8ceLZ0qIEE_08rJiKVg,5
wO8VL5RqQ76hhRXqwHvqLw,5
Y3GcUp3YjRZBz3xjqYOCqg,4
e_7CHOSfCW_DYmNRzVvF0A,4
pHwYBwBrNQZFrfCJ0abA5w,5
qMgDk4O3ZfKWd_jWzvPwwA,4
6WyFAEXxUSRU3fy6V4IpgQ,2
CbXSl4haripUbNGIulxekw,1
CbV2YZlPpQUCxwNMdkG_Pw,2
_5wmokogLmFzqe7NZ-YvyQ,1
8c65V2rRrqX6v7DDZHw8Wg,4
9spLw58CevoHK7pByR92eQ,5
Xr96h2a6Tyhkd3YtCtDHaQ,5
GhzHx1pnqQSg1tIZbZeIJA,3
yy7Euh7ot2hZet9gyEN1rg,3
WpR3RCAINMg4flfK7gu58g,5
jDmNwAgD8PQDcOzOSfAzsQ,4
pzbz0JRU1ImrUIUPI7YdBg,2
u7uWDZ5twiEAicciIs5OOQ,5
YhDBzHqZHOpARR0ZAju77g,4
ovToHHDkzwCl0nEyd8PP_g,5
bhi1bnTY8SL_TBwIUXQ2XQ,4
BDdOrPKh6GD9UZFmrkm86g,5
IMYpqx2jUlfsr25la-4K6g,5
WmL0gS1WN1ZFcZGGzJ_Ukw,5
U-LJ4T2sYodj8TE81zmuPg,2
-KZi0e9WUd07JYbuTUdm7w,1
EYP_u1bvS5sAUPoEkMna-w,5
GaGdqLVZLFqYUQ7kSONofQ,2
BTuBleSGeAK8VQljE7nOzw,5
HkqwBazUQN7ZhkWpSGu-Mg,5
bkKkGqAbv9RwQF679hycCA,5
rMqOrhSGeLl4ot5qdWA1WA,2
dKn-lEX-dvtKm25K3CtBUA,5
eKj7O6grduyIfzhmkyzD8A,5
lhG1erIzbQeFsoVtIy3u2Q,4
v9jtWLYwxgQiBEK-WemqXQ,5
JR1RJpF0EaoHAbqE0uN4nw,5
bcGwJYxHjK5Hr7Dz6DhBBA,5
mrf7q9dBS9TguuYDxlCqCg,5
TjrcRswbxX-VCVWjhW867A,4
HX-oouYYIe6tVL3VMmiNrA,5
Qb7nbHoHcmHajokRNnbNKw,5
gKfHOr8s92Q3oPWQkXwAXQ,1
LbS0l6mvYiR7QcVd-2rauA,3
9PZy_J29JcKeNe320VNIhg,3
LA0kKIHgZmfl2S_OOmU0rw,5
-cVb7CK0af_HB5E-VtbNmg,5
7kF5-3ukhz154jHUBI3XPg,5
3QY7kctBIZ9-M8QZHqLciw,2
UjIcS4jdfcbUKjZoZzN-pA,5
85KECyx4Ugi6Fw0o7A2iJQ,5
4EZ33JXGSg2LWXHW-e4EGw,4
zrCiOlMIK5qdAOYB6THK0g,5
JgxPF5GyAn232yG5ixDd3A,5
ZIjpsGTIoI_nl2qg6SDU9A,4
4yAIbaDGbl00Krcv4d5-qg,1
xbGYvdpw6KI_jVm4Va3SqQ,5
9etWGlZifE4iTvixeYFkiA,4
XpwoLf3430PWBkd06p_iOA,1
L4jikGxew5v1CITjgfX0vw,1
4tnjaVGJD0R-h46up-NodQ,5
70hs5MTt8ODq9aAEByXlMw,5
iDcYeK-xp--0uH9kMIFvYg,4
qVG-Z8_e_pSCL-uk8DJR9w,5
6Gy7L7U7jAdL1OFzDrCjzQ,5
Sx_PLOCUBZdtDV6-YuQm3w,5
7WeP_EEnmr9kirj3Dle8KQ,2
Wt_-expj4hhxEUYqKkCAIg,5
ODiqWstDdJRlVdClX8Q2rw,5
0y_Bje8r0naS2IdZd6exmQ,3
njdzwHuPGOq_Bemqf-_z0g,1
ITA2AQ313mhkP9fuxaPwdA,1
MOkaECWMWvJy0kYQlFsdAA,5
csjRru0YNdIOORN0ewoKxg,4
-gb6QxAMlWpF9NjvYPDzsw,2
ikM3H8yB04MksOFqUpE4QA,1
iSJORHzFjTrYIwEFwkheLA,5
-bizFU0PqFCqoRD5_oazDA,5
UxPYPaQUBSRmykIAWT9gNg,5
J9U6Z1zV2vCau09lVQAUfg,4
G-C82KPCH-PVYg6TvRea4w,2
2PSMyKkyCrBJA-njtCJ44g,5
o59m4qmx31OdH3r3z5uJcg,5
bAHV6Rw9VV8y0W1izAY38g,4
PG1ctYfPfDpoIEyDN-ILaw,3
iskV4e7RONUvnIxwSHU-7g,2
hjVAPJlwB1dL04J4BuFBpQ,2
YL09OY1Pqu-Ju9npofGYPA,1
kx5JuRXIRcPnmARhWlgRjQ,4
y_Lru_RFiSxgPHHjay4Osw,5
XF9kQT2SCGQCxgyq-sRr4Q,1
j0jfAE2R4ya2gwqzhOQDmQ,2
ucjWqgbZsQIXe1mwpcst0A,2
5l-0aHhK58MRhDfGmU96AA,5
oAhZbPYuw8-txYjUYJxViA,4
IpPXZgX0uuqTewD2lHE5xQ,5
mPkuSdkCfR8iUbcmZEpmSA,2
akSAIJ-BM45EW7BZBWiTmA,2
Rys-sIjHrOE8mxIOUQGsrA,5
c6Pht8roMeJ5_UpLGvQyAg,5
4kavE7ZnJuhi8q9pO_RIhw,3
2ETQPc3jtx76_TyauOJVZQ,5
_Yh2EfECjg1yaRambAKR2A,4
WvUycPqXhgVPT3io0bLmyg,5
FlnS9br5nt-j8G0RYLC8VQ,1
9NdX3GJjgsHPrnO2mA7kcA,3
zCutdLr4CmLdsxKvLTS1lg,5
nRtwtmQ4cfr7brVW0lYF5g,5
5wnx8l9JWgNPhts3EjFZBw,5
LTsPOld1gIeZOmrTPT4qtA,5
Ct4dwZRL-j6F1nLgxotQYA,4
pZiCNG1MGYYC1utqRnLNZw,4
PwkfRPYR3ZFFLIPTxIslVg,4
EnjNCq1cWJHGtqI83PD3xA,5
1CnXMwE1eqnTb21tX8RtGw,5
XFV4R6VeHzcW4JQXZNcYcA,5
gAcbpBLhQXWaHkJChEFBXg,5
1snG_xfcZIs9gR5zibI0cg,5
hAp24VctqIFjIiNYwAF02g,5
Yn4k3XfCHPB__RmxzfIhtA,1
nRSNFe0FgfeRLh9wireEcQ,3
XlaB24ufretAmXO4I-qDug,5
FsUx8Tcti4CN89WB3Kfrnw,2
r4Lft3loPNVjIN1KcguWMQ,5
kC9qcvLo8GnfvwQVZwkDYA,5
b1Uh26C8XRXM0f0NXRaaDg,2
6G-_yJC1Kq3LROxRVX_eEA,5
YBeIfaeKHb5Bnh6k_vhAEw,1
DTQYJ3Ma-nePJ47PX1N4Lw,5
2zCuF-lVnfwTaK6grrivRw,5
AAV789QiaXKcnoAW5PiqcA,1
PIl5Xx4hAfLSSoDmn69lJQ,4
LLqtmWcSzUH9cdosZCBf7w,5
YaaUWBpP--0D0SX85r-bPw,4
0M2C7XPLWKtT7jV65z3-7Q,1
vaKa0QQrpFpjOZ8G6zoFJQ,3
eB5Daf1Lyx05fjS61S7yXA,5
5OA_jHjM5QJor8ZuhUi1ug,5
4-fWXP0eel-HtzrX0JFuLA,5
gCxIxpecp2-0BrdLzM12eA,5
_OXMdWVP_H8L83xBomtWFw,5
CWOjl_bMhTs_DQ0f0Zicmg,5
bHuMCHep_C7lkn-aseePyA,5
LROs3-k8n9zPQmI8amTR1A,4
at2t7hQxNmu-ARTz_hZA3w,5
wvL4tGSoetp52M6LQ60EVA,3
5qbZmnsIF8IlGTYrmLSJow,3
cS1dCEpjrDYjrP6g6W3m2Q,5
Thz-HXnEmqzcSTOHeid5wA,5
JyT3kyTnnXdYqZckvZnEaQ,2
q8WJ5ZQp0vezvUE57Fv2fw,2
ALEpKsYsQK5izTxKsC8D5Q,4
-HQXlZuqk2qdKWADHLm_-g,5
dANtIR7nqTU9BnlfvkQZLg,4
e9uIxwbhaqN-iZDAfbmQvQ,4
X8V2Egx4Hu__pGE9mdWlLg,3
dH-zFqQ1VjtZ60naUOg6bQ,5
eb8XRyIokVgKxvtCtL4Zdg,5
lSpQGob-ceMRQvKBadkdZQ,4
zEM5SNu4lLb8KiDso3XVYw,4
W-BhlWnGqbgm2rdlAeAToQ,2
KeWwS2yA4VNv-HiTc3gb_A,4
miHSTH3HdRwDKb5j4E0p-A,2
fLMmFmq0Pf43DnLnfW6VXg,5
wSI7X7qqMfDQxkNFHkOYwA,1
7oBRobbAS-TXo5slA2J5xw,1
OPt2UUaXRcQOA4iGEz5Ffg,5
XKsNAzui-g5pFpS2uMwUhQ,5
ysCYpVNkslHXvfwZnEzsBQ,4
GMv-94hwqgiU27vXrJlJoA,2
MEduxWw4X-mKIeLsSIG5Gw,2
GawC1SLyejNZeWKE3yCBBQ,5
xYyLMOXwAkgPtLoob12SDw,5
j8TqiFpIZJjCsm4cvMHTzQ,5
DijB4ojtbs_kuH5KbU07Nw,4
Z813DrwKwwMff8HHkKNcXA,4
dQoAD81EIpNQpuikPJOTjA,5
xF210Hnfah4n3eBUfMnNQQ,3
m3Ef2B6MkhE49ChzdPbBQQ,2
gU2x1aj93Fc6qua7HZZLZA,4
Z4MoTc5BtNIPOWBYLq0B9w,5
ifoyNwiV11jiOis-7cUMLg,4
jNm5vEL-q6nEUi5MJs3TsQ,5
O0-JcP3MZzArct6svD913Q,5
dN4T6drof7oe0k6PwgdGYw,1
hjSJs7FhNe6J0cilB0claQ,4
o6N4MQsmwU9emac2lH_3pA,2
JTUWdqcbEQcDSYUQsJ-rYg,5
rPLbMlw3Yti_XDknmoTlmQ,4
sviD4toreVLKu6h7JqJmGA,3
xx_3FJlGDLSNwdFug7T1GA,5
2ibxjkh0J2bs3LOTCWJFuw,2
0W-h3nE2vv2nqjLTyI9XFg,5
dU-KqrkZa8fi8FtidHPUpg,5
102ps80EHcA2uFubfGebeQ,5
BJE1KUlDK3c9aD1QT4djXw,5
hYxuq9FlYh5vIST2J8LKrw,2
bqQWA-wSXU6p31A8fz5tug,5
BCe4nij5AmyD2oh_o62KZw,4
A2gb8Nz1zFoyzgdSxzGQxA,4
NekytvGOOQhaTt8dmXHyIQ,4
YKxthfN7WtGpmC2iAfAexw,2
3UkVir-uj-5F-wcus5ITvg,4
b323YtgekfI6Mc-AxS2vFw,1
3RMa9bg1QFDIfUsWA2Y6nA,3
BHv-ggrWROBaSVkqVV6xBA,5
ng7T_opoFwApSKfr7zp3UQ,3
G_gMFbgtKUjF0jIDeo9Oog,4
3gxFWbrXcmBZBQTEbaXdbg,5
2nCK--ljpoqjm2IAT4QB-w,1
nhPPwEIKV1mkzRRqpsPo2A,5
EP6vuOLvU0qizwxpZS8EuQ,5
SWfZdDm6QgNCD0C1p3Q9sw,5
3djFxVnxGD8nF4oT5TfMGQ,5
5bubrg7K_yNx6Ml7Mv5XcQ,5
VW8xLHIxkdTn76jq4GWo6w,5
1UWSV5To4QW0q5eFQq6dGw,3
3CtxvD7JKLDdbRjUEQJ_qQ,5
iLljKCGmS05EDhKE-SFN8w,5
yKPvk6q5xkDrKP66riINDg,5
Y23tq-OqqSJEsIDYnkO-gw,5
zVPzpDrlbGQG_gV3veIvOg,3
7tH36hyxiD9c2ho9nXCeWQ,4
YgDfz4OAni_JW3tnw_8uEw,5
ymPo4I7l4aD3dkGiiLB-qg,3
y6L8u5GmqJqV9cgQ4LimAA,2
s7qzZqzPUL2GAqRhIqoJCA,5
6jGavQHXbr-4kKVWu-HXig,5
Axs2HlgIxOMLBzh_FHhfHg,4
vdYAdbFyIp4Wq1T8JZV48g,5
k4E1KJrG14KzdvhQfP4K0w,5
Kdtmu775pdb3kWKwZDtlLQ,3
lXbwOLlMgS3whq4Of99ugA,5
sBq3ubFJzuM9KRhlZxHBjA,5
V8Z5e3tZ5GrT7IldBPQ5Xw,4
cw30isyJbYr23qsbjD-QSg,5
JYn1BRPDPZUfwzIxTfkHKg,5
ejb3jJUhem-y3QAPJsr4_Q,5
8N-DixzdO07X7eeet2-Cag,1
y1xi12A9uoGXb2BoSMJjsg,5
1XdvTvrJ4DKH2EQk3bSZIA,5
IzPwiVt3sYqbwRtyV5YUeA,4
sDzdDV9_pIhbBNbXFNHtwQ,4
j_YA2Ie85lU-cOzs_PAyWg,4
5u-Rbuh8ovDWJ17WJv5fuQ,3
hNxwF10dW5_17yvcGYilCg,5
5TL8Hs_37COGy4d9sAG2gA,4
eDsSscXXFhOxNVFXZXQLlw,1
SkY2KL1je6jpax22RofK2g,5
_BWieeKZxj_A1HE-oTKq3w,5
pNq3573MSgaZPVtXSTb2ng,5
9Q-SC4C3O_K76c27zdMoWg,5
lpUzI5SX7ka_5EaY1PzReQ,3
049kcWZ2y3rL-d-PVaws6w,5
4SEKBpTYayC-IUCGBN_z3Q,4
Y5IjERadIjXccLu8n-yPeA,4
aI-cJX7lmFv2REebifT18w,5
SFMRCHjcW5fjsA0Erky3PA,4
LzMIykw9XvPJyAxTL6KbvA,2
y3F-6nJJEunYwEIHGMge3g,5
KKIIzd3kq5sSIjR4eCW4Rw,5
bMfLtnlCO34bAVB8X0biBQ,5
mWLyDedBefQKatfD-xFXdQ,4
Np-B1QJuBrC5-OqG_4zJIQ,1
uTkYYK0PkIJogD1R03WyrQ,5
LtxD7F1Rn4FPWpy9KP6FGg,4
TUfatfcv-qM_e4h6K41EXg,5
8JrFAulAWgDie-eWnxdV0Q,5
AWyMMGQgeY5q7_kUNWqflA,4
iYli09P_PVtlVPE4LGz7tQ,4
niuc1pw1t8eweObLaZbNGg,5
iM5DkuRHc__DhtzTbskJ5Q,5
ZpTHrWK-xxVzVZaWDnKjfQ,5
quCCrbgcs6HYb3U-6Y9ZwQ,4
Kesr3K6wocotV9vFlYPzFA,5
XWuMb_b4LZl6B8tEEJPP1Q,5
QjRyN1tE0uAdJj1RIddhUA,3
AldpHQr-_hNNP8V57Xrqqw,2
NBW2zKP2E-ymUu5foWEDOA,4
Q-J_e58E2psfhshHWIMQNQ,4
60Reimo8CRZY-NF1BK4OkQ,4
PnGaVSYf3qSPGQgvanC23w,2
Z9ZDBxrp1Olyq_KWsFljBQ,5
VrRBKpFg9FofgiF3v5wT_Q,5
FZF88BQiEkTrWQ9uZT3b9Q,5
ThubXVVHhCNUWDjMe6lnRw,4
__jm0j_Obgc-7OWLWcTPnQ,5
djqK9_OUQg1MwAp1v9je6w,1
Ll-e_9VlHSpWoJo0-6qD_g,4
NXpdP-83hqFgwZ734DgMww,3
JNRJg9JFtfUHIna0HRMOAQ,3
z7ue4Hrxhhxz7WoJK0chVA,2
gO9uXQaxAhFN3hjKihBceA,5
0npLICVJhTPcBO-w7nNvog,5
YXwjMPLuXTwCVzvjoIeWmg,1
Du8IUle8_6G-IQxTifgLAw,5
YbZDS_RQJYJukhpISlMt1Q,5
eBgpkGgpVjknOIP0g7l23g,1
aWy3qMYPYZfvqq5cn7x_cQ,4
M6u4jA7FHbf0dZ3qMQJQRw,2
tot35G8jQSObbrCzx0BCoQ,5
FQeJ8lUnd8eb9HJr2TIhSQ,2
F6Sf5XqXesKwYJmATsMo6A,5
XmXkkAAnUrcNWaWgUV2DSQ,4
lcuZVTih_HpFi1qcGjHVLQ,4
XyVdP4WB33zv92ZR0gGrZg,4
lowBDX01wLS1XGYVxsd-Qg,4
AhsD2VHcXGnwCXucs3MFeA,2
JaXvZayy2oJ_uLRWMS5WyA,5
F-bAwyVq_JNrBoMsDZJmnA,4
q0AhCTXVP9lpo5nTziJ2Hg,1
pRx0Hd61BlnNZ1FlgZwTPw,2
6_oV0c0zJnSZzAzZhswtiQ,5
XfnN7CfiVsftcbDiarGSqQ,4
SBdbu9k2TqKq-8S_fDGinQ,5
oqTUDCruusF9IPUCdWUlIg,1
nH-ICaCinTYDBasnv7407g,2
D1UrE4aVKO5PbP5MoXs0bg,5
Ilg8_nuG_9KMiN8gXwxNdg,2
4ie4ypgzCUA9Y_UPlA8YHA,4
WgagxaZDMqsY-Cqs5cUuTw,2
Vm0KYSi9i2qAgTKFhdojTw,1
mt3gJjtLaTEHmNfZICpJlQ,5
lz_RbLopUXh9fLandx7RQg,2
HjmmCXiREqpo1GsKaJ1VwA,2
0RkL15NHskErrAVYZW7ijA,5
Q4ez8d9VerL4ctbDv8zKuA,1
EH5GWwv-GTZBymob04Jzpw,5
q-b2zrbLZOppplOXp_ykCA,5
AjPNQkBmKwXOqOYXIC2d3g,4
YrhLHM2UqF1Cd9MqZi5j9g,1
WupSFOreFQdpmTYibzOEkA,3
zEoUc11MQ30dxnUst3ODDQ,4
j1HP1wofsjB_-S3M2Vky6w,5
TnSQDRHA9lj69JmRKxA6tg,2
cWCGoMycmAWNuey_mfO1sg,3
IjKY6d3yEtHeDZk29g5ECQ,5
SqRSL4D9I0rHsd6NCm_U6g,3
hTtkz2mBtu01ZtQwUrOMEg,4
tWDSlnf1BVFDSzKH-WP66w,5
1G_f39Jh4PzqSIHnxcWVhA,5
oLJmMMtyh_9hFfCP4IJUYg,5
istIZS0BOVO3EOjMxAzuUg,4
56gfxM_-_NrSQbKoUgEu3A,5
_seRsNWwzVwWyx3a1_S3nQ,3
GmCNL4ZfRHnhlmJ89aGcyw,3
58rnTbFVjjvuG-QLTmpCHg,4
iXAznKbfIUjkiPIgRhqjog,5
h2W31TWyMe9Ie-_ZmapLaA,5
JqkvLuYCzJuEzwAczrapZA,4
KxXpWe5sNiYs8SNI-RsyMA,4
YQh06DvbojNPyqJt_Uj9Rw,5
iYMY4Pqc89_edfZF_PSO6A,5
m2UyHEQWX0-OYVbpCoVNrw,2
Q6g6Svy5dlKA3IcOyvSCDQ,3
jMtleICOXS4AliOTldDL7g,4
kPyA_c8pxVWmwXd3uq-BoQ,5
o_Z8C7f1pwNIkQdR-0E_Zg,5
uQzbnGtDiOOS21T95BwGkg,5
6s4LEin7JUZIOkAwEzjDWw,1
N7ZK5AhGxH8VzlvoqqxEuA,5
hGzrLqx14zO_El1uH1ERug,4
7sZtYUWPeEyjBuD_Kl5CnQ,5
9Sz39JpsHnNXcxuheHE70Q,5
v8XwJpXnD-xsgrAtnPcFWQ,3
lAvc9-GLSSgrffXtI4JAtg,5
RaT42ybS6SHdvemQH9iAqg,1
FWIQ7AsX9nRJVexAimRlAA,1
uFgdxi-w5z08n9KrudshGw,5
KQx39bzI-_Fz1C5j-bxS7A,4
JD1TOWD1rc-sNIUhIYs7dg,5
XhIThpX8zIctllqDDNPKYQ,4
S8OkB_xXYEyhBTuCIEH-Yg,3
Z9qMaSM2j__uIR9oEzFkHA,5
-FSqorEQeF8_h1fYD7OImQ,5
ONXyEr15-61oKg9aIrnUAA,5
X6j_aG6XlX11dUUaSM_kDw,1
OCFwWIHqvabe8SmVlNsUJg,5
ddeIuQgu6iUsj2Dv4A0ymA,1
MM8X-ekR25nyKCSkva7Clw,1
ASOgPt2OaLKPFmlLdDzCeg,4
nTMZkP2s9gldYzdw_MmiqA,4
EPF-MzkVCeBsTvL8gB2SmA,5
VCR3Ews0k1bVxUW8wi38Og,3
9V24vXerDg3I51k--_IySA,4
LgXP_YyUL_Q1Tlwq99YLcQ,5
KPxaW58nbJt0u-TDwCa2LQ,5
w_-UFHKOQzbB0KFRKamlfA,5
wrQ1ZvqjeY6lXG7M3VDGbg,1
KLtDBdREHR3GkaF6K8jViQ,1
1AR4vXP5VYOBLyNaCHBLXQ,5
qOQHzcQLzCaJo8008Q1rIQ,5
HrDw5s-6kpGewnoVlRUHyg,4
d8mEV7bNUSsCZpbpDpnmMg,4
cnuAfI8kZq0uvRaTYGJFeA,5
sXiHgViB9B_omkLZle9x_g,1
wiYpTaGveuFXTHXqyz1q2w,4
vJiPQnX5mhoKuZatL6AK2Q,5
WCZSFow3Tkg6hQoOXnGtLg,5
HP9xQ9xp7QPuUjGOCI_lgw,5
oxgymhi8g_dXHVw29LXrtg,3
14uaWW3DIRHhYpQpd4JBTw,5
S2ogrvsA8G5OhU_dsscqsQ,1
AZqNpeeiwEbo1-B4aM8WPw,4
o4FvESG5ac9Ei8MKo7_QfA,5
cyw_m6sHTVHvoNulfmIwZA,1
Nf30ZWKgyO9glsNWUNApwQ,5
qe9g8F7UCkLEMUROQ4652Q,1
ufBj3NQYTBg9rgmN7JQeQQ,2
mT_u_DZauiLlb0TAs_2OFA,5
PQSyLBNHsQP-rWtvDt0SKw,4
BL3TkiJKINBYEB3vbK5apA,5
2eqpfXRe7NxY4bYwzMdSHQ,5
EIBwFy9pdUkmOXKQRkrRYA,4
CXvGOVmEQA0eEQJc54AuFg,1
Pags52d2s4Sd6sqvdo_6xw,4
W5EvnzPxhWms8IXqXyk8zw,2
8E1rf43VKCSV9EaYNwh_EA,1
jw7lK1fX_ZTo1eU7zLpkGw,5
3GCqGD0nvwXPf8zTZ8VkKg,5
WOgA1sidII-iwfNIiyXg_A,5
wE9PJ9x3FkmoLd7AdUqrYA,4
lHtofYk5JeorDNf5T1ZTVw,4
ZOGYJk1iMv0i7pEHGbRAFQ,3
eX-phg2ZH4IEqOVJfJR3jg,4
xljVQM3t92pjte8jZ7ezsA,2
_UYTaQtlu2eFXL29Lh5-DA,5
uipB1nBCCJZvQ5cF_L_o3A,2
NDxVvhQcUzchPqQdOspWvg,3
rl9A4MsvjuL11HBJ61Q8HA,1
xdY4_Ari-3CZYKZrDdT7JA,5
eRFt5mz8oog99vRJfdMbYQ,5
OU_03BqJNizGVcIrSCobww,2
qYNVQ9-KkUI5wKb_gGlKZg,2
bf2R39bzRjBdAv8uFG6trQ,4
ILBmFgmsyOiQjN3mLW4qMQ,5
w9PzAN1aKvjY0zSHDcrNrA,5
cY2lkgCudk91okBui_B2Sw,1
F_ZcKPv9J-rqSXK3AREw_g,5
zH42VZRviK-QO7kpwmWZgg,5
40SBpySfgkW646ARPqqnpg,5
VQyTCAwVFw_NYbcRZiQqug,4
SKwZ-9d6p58dEtM268bZMg,2
VwSfUJX1S3vqUWpENVFuWQ,5
uOETsm0W4RVjH5ugw9jB3Q,3
tmjTSKZ8TCVsjnSRddGKlg,5
gEblyeNZcVfMGhQpUr-SQA,5
6qH7dAjjqjAdp_S-25YDyA,5
MzayvG0HZU3N3rt2LMeA1Q,5
JrGJVz-61gRosbgowgCZlw,5
6eqTyb3PYS5_rAMyrLfb9Q,3
7FDqPQQuYaQRRmO9PHZzTw,1
KXwZ8w2eCHZA6wflCnrhKg,2
WbJXjfHX4i--7Ke2eQa38w,5
ynF-WD-11AcpNAcoroOpjw,5
Z29EwOcoFiwKkrkKRiiSfw,3
8xs9Wj-offRDn7DVGY0usw,4
raObGa6SROROjMWakGA8Eg,2
70VVkufCoYXtipO7izIOKw,5
zmsny9HAXl3QuoPu9tHkJA,1
VJiToYImv03CNOFFLakfNg,5
N8hWDPbzj1rW31cGwj4Jxg,5
SMnA96ZMEaSUO3XgAFXDAQ,5
oC0CHbmgakpygPoJ9toYNg,2
DT6HzpYp84ZLl576lVtBLQ,2
EUCaIc3gLkoIHCFwMz8Fxg,5
xLBfuCot7cEV3Rx-FSqKnA,5
mS0DpUA6h2UyLvKh76QyIA,1
H5NeHQMmMszer4-HMJ1v9Q,5
ftc_C93_F8YluZz2Ng7y3Q,1
LfwmT9c26NYcKhWZ07G9Kg,5
nx449O91p7X6Lk7iY2A-GQ,3
1xViJUSRQcRphaVWFhiY0Q,5
TNeTrEgv8U90-iR2or66-g,4
HEbibepjK_fX5PBMMB11RA,4
2j7al0KOCFSAGFbBJGW9Jg,3
6nJh6qd9okaDKzzhsD-yzg,2
MKVEPI9GMEQvPpwBXXZD6A,2
6su88mogk0MJqT8LtdpAMg,4
S-MbjOBtU_g-wNhU_LTJXw,5
baTRqQI7uDqfNYEXUTczcw,2
PrPF0e-3VbjmMJPnqnYj7w,4
JMRSEOBnPztp-V1_Tw9LRA,5
n4au0seV-hiidb3rS-0cnA,5
i3Hnk4S9B6i2CrbW9qKvkQ,4
-zggN2oHsoAHTRvLE3obgQ,4
A4JOvP4rr2b4LhXGKjOyYA,4
X0abuRe5DBdroQ2ElO3bIw,4
swzEcSUjy7y2U7PVtUbiaQ,5
23ad5iFv82fUYGHIWWaIYQ,5
8mLYfBoVymrp7zg2ajRtnw,5
xMlXVf4JS05i5TlyK2WzeQ,5
Dp0EwXtcTe1NYEdDJgGCUw,4
G-03iORXZLBxFveXMngvSA,5
PkdMykjlGBm0CRVUPo5rvw,4
OxrVOs4Sh64FQGOxeD_rTg,2
wWwcWmDkrMR_pKcaXjQL7Q,5
ov2ohuP2bPJI35sscGGJpw,5
w3b0e6rqt6EILWveJk_wBQ,5
g_0d5jsQZTG9xYmKDXbJlw,5
WgSpUAs-w63WscfQOMFkzQ,5
RI3CNwXYHEvtFYzZHeAIuA,5
e3ddVZW7gjQGWf2AKSFZSA,3
DxA5sJoO_QkGXlfficKmOA,5
NO98rgvu06yQniYrBjpufA,4
RGBJ12orDI22NeRXIn0G-g,1
GgZZ6cJC9GARY_ExoarLkA,4
zGKKSrYiktZcykRYEadp5Q,2
QBzAaXOBnDtJCxYjDSNVSA,4
3CzieR721ez7ELJ_NoPsag,1
5MT5m4f9rB1YjtPgtArcjg,5
EgSEDhw8s75i8FxsW7wanA,1
hGgr07JDizch5oeiA91W8w,5
qNF4fQjtEl_tIofcqCDtIg,4
r3xnNwG_cF9wfdb0vJ-f3w,5
w_2x90XbVcQwqCA4f7SyLA,4
hZC7K3u2UFaP9bWTiInVVA,3
ORUnNRN4EVduO2gRhlVzAQ,1
e48Mcz_VSvvzWVTYNRm5Eg,5
113fA96Q8SOc7YU3tU3nTw,4
JdrepG4YwHJT55UJ-_NlkQ,5
Z0MK1BRP0uECgz-bey6Ffg,5
nXD92hMQ-ckb2NIwWA_4Bg,2
XDKmSwkJyzjwVVSJE7cISA,3
xUnaCRtvJ9Ohl2nTY5AGuA,4
xaprD0KUPfei8c_ojFc3Xw,4
iHJmt2hae3ZjqLQdmf2StQ,4
IDtye1POlmFi-CG7lqJimQ,5
S01Jo0UoNNaBm7tM-K-Fog,1
uwNIqKz_Gqb9fN6j9zcu1w,4
jIpx-gLSAuhItLyH9aRXmQ,2
qbSByIpcOVR4pCVUnpGxjA,5
ch5ihrRHx9Xj0xSrJhEHLQ,5
JPlPU5YPodJZiLvUnqLo-A,5
YxVmHW_QTGAiM_RRD9wcZA,5
ElaKKUVjZMENC0Yz99Tl5A,4
vUNurqbo68F7pAXNUWiUuQ,4
DDg9WoXSwHN7ydbAN67ojA,4
rOEUoWuvzRUX_bEGMnmFCw,2
PjJSxvWR86aEaXp-_76Shg,1
wYu5RhLreMSRajYir_K9xw,4
sK1469M56mv383uEJvXfVQ,5
dEe_JZVaFFZ90sliD-Zygw,5
T3crlGbbTPjAYc--kZg0jQ,1
2MkRd0ke6yC896zWbQg4hw,5
vBFs5UmqSFJoVCpX1Lk1Ow,4
2ao1eyw72tlu05i7Rdca3Q,2
yxvv7cggokC2UmJZ2aKlMA,5
-aKOR5obfB155KICvuPNDQ,1
eN-bcQvTWizOlh9jCZvy2Q,5
6GTtLQ62uCGqnj8NzrndVw,5
7Kr5EW7kgr_3KsiJLxqEDw,4
-w3-1fi-dyqdcVLvvg8epA,3
eQ0KMQGxZnc0PK_xwr2drw,4
oKFtjYFcctVPWXs0RCOUPg,5
6058MRTokrb_gZXvnXQvIw,4
4ZDsCQYD0Kx9jU1v2XI0_Q,1
O1sTPScWDSs5tECHOzyuPA,5
PMGQ7SRxFKUWb9udJPEMmw,5
SpM41pO6ErKeYP3eX8ZhBw,4
fe41luOJtcaUEidZ8o0JWQ,3
Jyv5LnVv4tCTwYqJPiGgpg,5
LTnyk8rcmRbUhEEtmawkHA,3
0bRHH2twfgRnq2sQtt3EFg,3
FzpOSm80ph4SmzmMK2pwFw,5
NTUipaDsFO_jPFW0kuUdJQ,5
NSdAL0svuZQvWIcLCxblCg,5
QuY-3ifb4JFDmKwLyNqzFg,2
2CEVpvOBvR4o0PFWTtTncg,5
_oHfsAQ55_9gFkkzm2okBA,2
fk22hzP1XaDFYVQtdgDiuw,4
l8daxfnk-6QS12LgF9Bmew,4
dp1VMHv919Gmv7vUrTg0Ag,1
aMIFDPwziHiLR6CszDuDjQ,5
jbIx5GsG_rvpMQMNU6rndw,5
xcJsTbrprS0zFr3f0uPTvA,4
dSsO-kbVLYr6povD_alSJQ,4
7ApsG-hHgT6IYE9wfbPZ_A,1
zy66W9ne1lBY1EGCk87HmQ,5
ClFdAb5z9rtu2ZhwSsH1CQ,5
Hi18OEXWP5ZKjD9CoQSCPA,4
jkiqoV3sLckiJoOhy8BTmA,2
5R6EQ8CPY5KUiISq5OJL6Q,5
hFCqEIa0bueLjy0KbprCCw,5
SfbkeQr0Hd5JxPmOeqNWug,4
-8L9IWV_V4GRu3W-yHYizg,5
MHdlWX3vBw13zT0JszKaCw,3
Y69SRhpZMcN7yyhYGMvtag,1
YFBJv8ZeordhHz4eiOoQUA,4
aF-U3ypf6mClUlpDBtXyoQ,5
HY-IeHC86XjGk1dr8gv2TQ,5
PL0fm4msBhMsEeewUiYO5w,4
sSlfUoMeJu6riNxZIotX_g,5
Uc_HZdavTrpOmJVe0M40yw,5
MZ87ypvyBLi9BYMgUvLcPA,4
H7E88RL-PfOs6i5Z16Lb2Q,5
Z8qcl38HguuAXRs34K1kSg,2
mhp025RGDOKhpaM1LORh0g,5
9vnakgxMalEwFtHcblbgrg,5
0BJc8EE9c7z2CoeESnOVdg,1
VdLt03m6UFaE7TlTDqIk7w,5
nf0VZVS2IpBp-aP-6ELyAA,5
C1WNdI69PIBvqlMigwkaZw,3
tmNpULpGH-G19viXToXXtg,3
6m5K-vt53Wh3V6mFAJTReA,3
6sldoBqmOjRz5-TFyFix3A,1
lPv5ib_v4YksM0qlx7KAqQ,4
gpHfrcrWGs8t_m70WZVchg,5
cErNUOSiFqLEutZMH_OAsw,5
j5TR6NPqRC-AXkg7Sn6OwA,4
TTfrlKYHMLLynnHBH1ybLA,1
3QbhTf_UbK4AirFLAF371Q,1
hOsVzll-MgUvZA3zSt2LfQ,4
ZM5BFUmzRpZAjwY8jW2Gzg,4
fRvkoFPYP7CtHOMbl_mMuw,5
PYhJvTA3Vb6tuUEic_wjCQ,2
NxUQq26yfgyNz8DsL3__vA,4
mmlQAdWiGP6FiYtaE-8ZGg,5
Jfh-xGMt-z1h1llpogPRCQ,5
qM7JBcEHvli1Sf63t--_ow,1
jmM5c4ysGyugbTIXh57JXA,4
JxAI7LY-pBakFPmamd_jmw,5
0ZkilOst9sFG4eflHO9nlw,2
ULWRPBq3jTDFztUa3fOjqA,3
tvK-tpLoUx0mkw2AtU2P5w,5
LIlmXUKIJ3HfM6rUv15Bbg,4
Y1hCSI5DOLaOsEuhsPFtpQ,5
XpTSzCG0wC43FYhwCoXFOg,1
hqjRRZAu44U7N0yMRivMYQ,5
s4WYDfK73I1NzUuys97Eng,5
KSrRd4Ha8xBUvrBc7phoig,5
UN6IQwLyTYJvSY2LC0jbfw,3
osiNboMUlVPAHu3QUKI1gA,5
LvE8ZKHJDCnUwPVvU7EjiA,5
ehnQDUpGPocXCGkY39gFOQ,4
0VBRW6do93dizS1aHGjTBg,5
Guat5EzFEPmEhndp2XU1TQ,4
k-2H3K1u0TjqIS0kjJKA5A,5
NUhA01gG0qM4EtOH7mdBUw,4
eFqwmevFQgXfMTIhmuG0cQ,5
c3KqtDhaGe-_HVcrFnTyGg,5
xuNSQJT9yLZ_S-iVrjtZkw,5
08nvf8bOPcLhodqheTyANQ,5
kEyw9dmPoua8z1YqfgOb5A,3
lZnwFT3ooA30XdcQ4uE7vQ,5
VgdLr9o_0QPfms8WBkDKeg,1
DzxQTjOT_7mLdICJk8Ie3Q,5
aB-tZ611DA3aAqluStZ9Yw,4
9q_vJCAToNcM34kT3RQRXA,1
ckDrdSr5fu26pP_jqFlj1g,5
fllGSZbE7L82zOL__IX3Hw,5
bSEHXTiEblF8l-kSVVfEYQ,5
CSbxo25u5W1ixhcXAVkwvg,5
3OJzi409N0KH0IUc4gtfTw,1
maw6MD_dsjcRh8Edi3gEvg,2
hcyRBdOhZU1xVKW8Bgoz8w,4
7jY1IHdS-z2fDGfdTIeKNA,2
2LntDPlp2TrKqupdFnoOiA,4
yEfJsFOBiGi3DXtDStYE-A,3
pkwNsp1Dx-uYd1IfSntXIg,5
AtZwhwB79iedw-C2NNDwFA,5
bPsXVWHCGbmNi87R8ZX7Qg,5
2zshIgXQ0tk0UJ5aPfIgdg,5
f5V8qCdAM_-Yl-ohgSxMvA,3
0lNz7378amJhpLMHFHQuMQ,5
ovhyb-9yXcznRXOc-i6K0Q,5
dshPRG9CEZTRnrJVgXjURQ,5
7BO8UhuzN7Aqw2pQDI8tQQ,4
2oRqM8iDTKwBD_INDpckbA,5
lin_kSO1O8SBVJGbgsJyWQ,5
woawcrwcDkH4seUdEDOhHw,5
sxze2l7eH9TVNpKoLDM3sA,3
R842Gc0ExxNgaKybAumTmw,5
gt_a4yl8VQ0_wFLxpw-LMw,5
fnKnq8dvsbR9M3qlUY1hdw,5
LsIdLAcR00MeSkR8o_lydw,3
3ldRUougcUfHzQGY4zDGnQ,5
Qi1shOyJhbgt6I2xcP9Q3g,5
TSZ85p4fyZSvIVsIS_UWtw,3
mBOrKMRywnC5Zh7EviTU6A,3
RNE9uqCjG_e3XVitBh7nAg,5
bokaJEoKgwZIWpp1a9cUYQ,5
laU92__8VnNRGpTaL_vmDA,1
Hnb1NYvvPCCbmMgcEyLRQg,1
-i-Vb_HbkXAl_2c5aHAfYg,5
B1XBjrHUbc5u9Wnr0C74zg,5
7vYRoxzgovW6yoN34YLpcA,5
uHRy7ysulV4YMGmnYBlEZg,1
8KZaLxZ9_3DGVCeTBqhpUA,4
AILTU4HitGEZbyPB3Yy3OQ,4
4WWRYjYygOW6oISe5usGjw,5
EhxZI3GcRlmsQXVyKswuaw,5
dyMRJrBnNXDf3-IKpknWPA,3
dhKo-ubb7BrCdJ_Z93neGQ,5
_e4fFYx94U1T6DNcdDeU5w,4
29mjWihbmKVA2bHBppvFFg,5
2nYMjXwjJ9txtx6cMMdhVw,4
4Wb4WO-TMXP_9pbd4bC0Dw,5
F9UYCEapUo0KCPug7s2U_Q,4
SET62qdFVQrRwFql0thzpg,5
CM1SCa78EHMKkGrLuVo_Lg,4
UF4XEe54Pv16HGV72dfrHw,5
mjDibEGK_OaC4NY0ra4FNA,4
rpvCp43EoCeh7dc3YNAEbA,4
4PDgep2kpaAduZ07F02a4g,2
1zPGVXXpGBNgyBBbvwn0CA,5
rEKFMr5ZOzmPm-r3yzyFNw,1
6FPSR-sri_hRmgcB_EXGbQ,5
waHtp0UAV2b0YsaFct8l5A,4
jkBytwT9VgkziwVpbZpcig,5
a-s8XLRElSJrsl3IGEuqng,5
p4yryMS60f0thN9q417RdQ,5
pevcAPClsJSo3JsCgUilZg,2
g7eh7KN3OO8oTd8MqoxZ7w,4
fYPyOSENOyA8pl-59ye3RA,5
x6xidfgcEYOBDr_x06-kqQ,2
qWN8U_lDhX4L7zKu4x5KGg,5
D80VjjG7uAo8duN_NzBaog,4
v423JbYb6k80r740_Dg5dA,2
XK7QPWWASWh9oPvdyv3bpg,5
Egr7ihjyZZFFV-MIxslYaw,2
hBzggCFQnlATMll3FF2ePA,5
NFPII2WO1pktvHXJvzGo_Q,3
THIbkegAfLtTTOmTxv2pRg,5
ZR8_IhmuOx4ULm0XmqKEkA,5
2umUAcabIKqqvCJs4CYeTg,4
7qZoo9XlPp5CbWo_VkoXvw,4
jqletxQJk9LOzIk3yFzQ-g,5
IqMyF47GsOtQqpatWFKs6g,5
Pm7iSs6pzxwbFMLKWObf9w,4
SLTgw5d4CZqE9lFMPGR4WA,5
qQJ8n0s7iQCaJ5mEOhmAvg,3
FdBLBhBKOgkqcj8G9Ytggg,5
7vSQo0atnJEKE4XmS1X5CQ,5
xfwB_eblbq6EYhuK5LjrSA,2
mQ5iHTs7G8ctTVet7HtCwQ,2
lDkW1Q538O4VWIT5iDao3w,5
DO94B6Sp6Vh_JJ7HGLKI2Q,5
w6qpEgnomB8WoygWDcVTyw,4
g6fZu4inpAcOZZEN58ESAQ,2
o7K9KM9UE5_cM7oPM_vIXA,5
8dQLwxMs-UZ0cN5Off6l-g,4
ZfBcdhG7I7DjGcJMAZyZWQ,5
x0X1uTxBDpckVBL2GCurww,2
V4lkcT9Z38RXLO9UmN7uuA,5
8Vv7eFfXB92Yic53W6LkHw,2
cl-GlcyK5aae4x0LS8177g,5
R-KsUlc2F6CX7mZcmbQdxg,5
ZbK3CUA1GSdw8GxdFrdHMQ,4
MRdp6QKz-DA4nTjXyGAvvA,3
ahJzwTgigejCj5MtuiAp-w,3
VNrsmH2aExClX_RNw7Wm2w,5
lxG736mx7-qw9uAkWxi0Kg,1
sH8pjDFFULEkAD1epBDtQw,1
GKW1oxzUJbe7EHFiTxLhEQ,3
tP7bGuDQiETacerbSjb3cQ,5
1PXjxuOuJux02y2EreI9ig,4
zXcSdIF7oVo2Ehj5j0jv-g,1
a6qr8ADQhj0om5LX0MPBhQ,5
lZije1EVRUNt5swLRniOpQ,4
W9RU-uWEcWDaHU4Omzcmsg,4
9_NgUcqfgrkAJwrWFYbIJA,2
DS5avJg7Pt5ytdaUv8uslg,2
QTI2XRkwc-E2r2-qYc8lUw,3
nE63iImlwp8DndqgLDz21g,1
taLRTY7ARvLJbuKYExA1jA,4
5tvjuwpMXmHGS1Ea15TIJQ,3
DfOipP1zqF_wzvz5C0HCDA,5
3YWer3rNHdFxF51kmKI7CQ,5
o6sX-w-l1lpaJKjbI3JM3Q,4
4lL35wIXBpfsaoVN3xRb5w,5
XujYYATwipQhl2M_S1xi4w,1
3gX0kfpnaBas6g42vvrGQw,5
xEvSCLOXkTap0TAuBDR-Eg,5
JkXjkFjJgUG6BkkKY2vQJg,4
aFf9tbHkKPKjZl04xZT36w,1
xb8k3gdAh-66IRbFZzlP8w,1
OoCxpp0lUSmbBWTFLzYwZw,4
HMiReJGXzPpc1axFUDfZFQ,2
85TYYhx32EyWlM-i7xEKLg,2
lIIIYZyJUH4I7IHjzgIz6w,5
xtbFpRC_bn0owVDm8WR4sw,2
b7HqAL_aJU4jN7t46ajaqg,4
WN5E4Wo4bsp7XdOImYw5zQ,1
jw9EwvslRC4bGmRcn5fleQ,3
Q2XC3IBmnHkQUorvj4o8Fg,3
jaNmFPiy0HECZoNyBcLsag,5
OLEqMo2IJuLRBd6uAwyU7Q,3
gHgcuSXVSBoE15KH-3Mu1w,5
x58Yy2QnKVnXvVBv6j3nng,1
9X73wqP-TZNWhZ7lRzsXcw,5
_V1MtqOzlkpXmSSPKw1tTQ,4
b94sj0ccWFJncfEaL8nQuQ,4
qfsr3yBpBlP32XvfOBKk9A,1
Qt8VPqOsNvX56tNDNsZezw,5
0KEsx60SCAb2PgkAJg2zYQ,1
YPWPOu1dzcSmrWeJk-gqtA,4
wHt7R0AuO6XdfFPgYEWSzg,4
tm57H8T2zZGRHHvhU6Lqyg,5
ZCumnCbHXgHthWo5SYIDyQ,5
TyFRi2xDfIB9wFP5xLhCyA,1
9sSnXGSWlzN_UDoOhHxDmg,4
ywXtRQl69VDVIhLEQwtaDA,5
uFXwK8x6IZ-IGotYGck7jA,1
gRToT7Imsf4jIUXU9-DYeg,1
aFooI_8OBWn_MUQSxRROWw,3
QBeUyTYCLC6dHGjvzVZ4ww,3
gyAfX8eCGa_bXJ45XEX1EQ,5
u9yN8lfqtVguyCqtSAf5QA,5
jVNjxksXQMK-82rIRlqfWg,4
I3c7GqtIx1x8thEttxFL1Q,5
mPV8EM5e6ObrSjgxaUXFDg,3
d_8FwbMptl1ZuuM4YMXcdw,3
KUaK9lVMQAmGogqDAp_AYg,4
KIfIkvvgyogv3oD7puWSiA,4
GIFZZqvHozlTVnI8baGe2g,1
S4C3eo-gNCIjg1BrSutHZw,4
GUq17i6NenG-aB2dmxX3zA,4
gPZJyxdn1y8aX70OLMX3Bw,5
3oicIHKU8OzAJvxRX6qNow,3
6sBWMx5U-q-9W2_BIc8k1A,5
tdlUoofmrKSPqCvWwt10Jw,5
RuWZ5I6e1KkLnq1xG_S5XQ,5
RoCkSBl294To9Vw9Z-gXSw,5
a0Q2lXg6MmSxZMB0_f0smQ,5
JUat7bdUzkeTq2dfWHqCfw,3
6oSzxWjTSWNbVOwyHdiZPQ,4
dvVSqzSH3QYD9Mul5Yv-fg,4
EukcT28_WuInS_ifG-nL_A,4
Na1dWq6xPFf2zx6w3RB9Qg,5
wm5atV8CLkal9t4sYpOd4g,5
RYfYrkLoZWGWIjjf0L8awg,1
T5DEpg51h0V8aNhQtwuSKQ,5
2xgochETfd-C_pWcIsPnAw,1
EjfRneHNGro5S_xAYhucig,5
wC_b-o_C7cwWGJFL9G6K3Q,4
sFNz-0N7POJyPSiHAEbEDw,3
VVl7YD6oyTpzzL6Yz5A0mA,1
8T28SABgi4IN2JeQN5UJag,1
uFKNfiN0ifzGY5HhvR4Blw,5
V1_y3toVJn44WYpsKJCfXg,4
cB355x0GSypCLF11NRmA8g,3
v8t7axsb_WVv221V2b3oYQ,4
MqahfYBcC4j-kdfdpYm6lw,5
MgqX8QJGeguSuPNdlDHGeQ,5
zhtxd_NCRjlEYBzCxaPkzg,5
9vNmpVeV6-dfl5RdKnhNsQ,5
CJO0uRf3NDvpNbM6C9U34g,5
L8oFjf5aEdY0mAYPM7uNLQ,5
3w-wpYKM0sijipmOO5lmsQ,4
v7vesV7rETfM5Jz4ENNwHg,5
aVCRYNaQR57Oa8zbM45jcg,3
K_Y1JDbknHDSKyKDZ4GaoA,4
lmb7sBwkWnbd9dP9c0kyEA,2
XWD-gXi_Yt49MVfHmhnPVw,5
unsSDoNFEhqcS52aTVFVNg,3
FRXLPLlPHwPflmJBSQTCyg,3
N_AWCCDNl-B8hRq5xx8RgQ,5
DB5CH2RLmSt83iHvN1B1yQ,4
hARn-RcMzWVEr0pLCzmBFA,5
6g1v6AeTXc36_zV4Qkhz0w,4
gjpS3ZEO86Tacwp_qmMNuQ,5
KiVIWMEWxWXLGgEJtvgrGA,1
1z3J6lRxdvzXOtMpr12CTA,3
53SoynjvklH5BStad3Ld8g,5
oN4vhSJeM69fRITR8HWqdg,5
d2ZxDE7frDir9LW99fgFkA,1
WrnnFuL8omR2ddfGTDfRIQ,1
DSmQVxpoYuVQc9pF8F-RYw,5
D2CMjsuwdEDcI-uTon5D5A,1
PS8DiSk3cTf2APzza9Z9Sw,3
iwTmXBoBPJn--EpmCVILOQ,2
Y_TsPYNM9PrvYzXApBQ5ag,4
g88RAgImU5NPlJKB5Emdbw,1
O5vZVnsxbjhKgYbTCFcK7w,3
sNRVDlXUz0qNtDVOSilXGA,5
RIlKyx9VJTynImEqPeoEKA,4
GGfibM3lSWcGargT1qvErQ,5
tME8s4yoYidbB7eMYS6xpQ,4
U8n0CPS3LJi_yHlK8gyA5g,4
gVX_0AaKut-xTWafvzR2MQ,5
H_vAmxzz6voRtq345Ahhvg,1
PxAnn4xGCvRzxakarvaHLg,4
h-fyPvNCnj3QxQ3RwSKcqw,1
t4dt7hHfwWRN7_lmVjhvog,2
Hg5f-eWFl75b8Dypt5LrkA,4
POpOVm8Ykp2Rqa3cohW5jQ,4
_e_fET7h80lgwFcqOI_5jw,4
8xECeoz-5CsZp7vSr9SZkQ,5
-Si9gXKCQg0NvvMCgZjW5Q,5
_kEC0af829Dwnh_8YGBpvA,1
O9FoeOAjhGvb4ydX_Yrv4A,4
Z-yIVTGYTD6SN1QCneSJJw,3
x4BPDJvgvvA6WcGKDi7SBg,5
7FjKK6CnNoWjgMJAQI7XUg,2
riNE9V496zEAYEu80AYQsA,2
V8EcBeiiHRQKEe2c2rEaSw,5
LttInZ934Etht3nlweSOGw,5
mVCyA2lsZqdWLr0pOASIaA,5
QJnIU9DiNtXZzGVUqfz1CQ,3
CmSdKqtbvle_FrUXyok2ag,1
ed9v2HwH9x8uHIaQVsiI7g,4
cBhl6-_wOfmf-lFVM3SNfg,4
-ZzI1gw8YZeo_UCcKEa_8g,3
Eg1LktouBlPHDyED0c1JJg,3
q-leam1slJw4zZZlk-VzUw,4
c85nAZ3SvASW8mZBLoVkVA,3
3MpNAdLaJa-_GpH6HVQy5w,3
RQlf7znHhUfh4yWZzqAkXA,1
DsY1fbFWFA_wbIxaZGTWTQ,4
c_dxqYT1seqhs6mslwy2EQ,5
j4YwwckH57bw0spbhuG3_A,5
MV1HOAvfrg0fIwkZCmM5vA,4
1Te48puqa793DuKkb65DkQ,3
L1PSYEIb4RQKi0NthU-_Fg,4
-gn-URWUEfR-Lh8LmGYZgQ,4
Lqd01EhCvUKrTlGRkdf4VA,3
R_2O0QEKy3ag98S05JH9Xw,4
Z1iuyF6Yex62ZjORUDOvvg,5
Iru3Gc_F3f0TxMMdHrRPjQ,4
YXtXTR1IfTgjKPIq0fcSaw,5
1SOYwcRpKMhMkus5_MYIgw,4
Lo3e4LPUK12vkWyg5mbVZA,5
SJzBw-K4CoAqYWun2jGysA,4
3VLq_fxm_UcheMfPLmJIEw,2
w3K-8WWFJA-Qbb9bboCbxQ,3
mFgBpcJ2zyOEIPNv66GWkg,4
agG3-e0-wR1sAyusJrULqg,4
zohLMWmYuNCcyYdq3kWeGQ,4
mlncne73mxiodaP3b0Da2A,5
qF155BmY46s9TOmyLQlc9w,3
D1WU5ucF0HbggwSQhGl7bQ,2
FoU70Pea7_VNsPPXNp3swg,4
TdLquSctHnqFl4gh9yJjtg,4
FBwFEBY7kl54WlDWTr1fOQ,4
xJF5I-ksgQNEwTm3cDHB6A,4
f7pZbbwQpV0rO4YQFd5y4Q,5
8ELClRcT2PTwwfbPt-aRzQ,4
C0ZBOknKr9min_jNfBlt3Q,2
Wym9uv_Imc9DbzZj12InMg,2
fZl5EnlCL-4C4mU85y9gtg,2
_msSESZGvMMWYDibMTdEOg,5
9oW5u4N8GQ9yRvIK5I28_g,4
njHTXJGzcwlB_SqfGudnyg,5
V2IcQQRZZ-xyuWgaBA_EzQ,5
IME25i9RviDhEGtvDfcRKg,3
R4zd7MWiSpdqXeqktCZoBg,5
ThAhe4JO0yvWlaRw5l1pRw,4
d-uW42cd-MwuwqyygXankw,5
LOXNu_vbcbQNnV-dGNN0Gw,5
J85xPfrhaa2c624pAU5PBg,4
l8zO1YzwXesrK-DDevxilg,4
2r-9XJ4XDPmWzk5KPLsj9A,4
8ONiw5x7l8h7GHo-P535OA,3
kRoSeMJSn95zdZsM94rzbQ,5
T2XUvfwGXZtxP0ugRaXU4A,3
5muaqm8RoqUq4liAaCqz2g,5
hes9FwP6IN31FsnExHzYbQ,2
GRO3YJiRZGMBmkIvkVJK7g,4
18-pMZyseUvVLbocLo0Jjg,3
KA9nfAvtZwtwUJsGtEMAhA,5
cQGIZxNDja4do3WWnHG31g,5
z3eW6mllol6YgrMf4AoJOw,5
U30562ldv6YOkLdhnphZAQ,5
zxk7OGsEuPujvRtAvOf9XA,5
c9X-17bdzwXLDwXYzqpd9g,2
m7XepwqifWPqOXu7oOe_aQ,1
2RHPei64VfrxQ9QaIib1OA,2
RqtDQD70C59f88m6r0Yiiw,5
xufxAlF_AHx24hVfDRnexg,4
WcT1ZV5IXH2OK3o4ZIE5Hw,5
CAI5MHuJ25vpoEXzQlKddQ,4
OEytne2IN8Ut9gMcmy0Nxg,1
WbXWl6mFOgC4knx2VZQBdg,5
5ER67p87CZ7Gwe4JOQ_sfQ,2
wI4OfjbTZo8Jmdf3-489sw,2
XcGrY0CfsWkJ-GvzD2Qi2w,5
Ra3j6Yep_8n3Cf_GDusnVw,5
Hzrexr3Lc-z50zz7zqYdmg,5
Z3jN7l5T6dxAFH2zJyz91A,2
VUbkjLZAYYp6JgbRMsWYjQ,5
lQVVocvCU-cyl-XmF1m8Vw,5
pMqr6VmjeXk-7Ryc3uPqcA,4
l_xCcePP38yNSPrlziIQSA,5
erex0bPxRUDnY9LLX5PaIw,5
lXzgUtHG0DJNj095rKLmQg,4
IxiNlS-lNtCaO1F1RoxosQ,4
7TfLzEa_ynmArPVPQ8YSFg,4
kJPYonZhUFonSeHsAb8DtQ,4
RS4gSJdFPXquEoRxOymLrA,5
3GoK6NZ9OEjKFlvUkAkLdQ,5
tDX0r6XK4cu9MoqZfCwdKA,5
APfv2RSpnGl8xT2iZv3KWg,5
kWLspfCKJrAmz7OY_uicsA,1
7HlYr_S5SIfpeAd_9uSkFQ,5
6nBOa-WYj19a5tS63r-MTQ,4
df8PJl0JsaJ5OKE5F2df3A,3
_yzbspPmIoPqqf5DePY4ag,5
3DuDKiyITmEm4N9B365ekw,1
a3M4M7cZcIef7KoUnVX4IA,1
294dvxk_3d1uiqj-6hdtKg,5
VoWpiUXZznrKWsMIJNYm4Q,5
vcCGbkTuN2lRpQmLWZL1iA,4
UU9rRZiYU4T4PqLQZf055w,5
xysriyZOV4QL4KogyZvfjA,5
DQCs39wFHFC3LLNMAa39hg,1
nDgT-mjSa7zI7gI9aXeikw,5
ceQFsrd5LdABz7iZRqLFaw,5
D3jqGT2GY0ioIJcClVSpNQ,5
WOk3xCawjf60oc-pB2nVZg,5
sGE0dH0bCWOe-LQ8Zq-SVg,4
MWkJONPuDXB76CClXYC0RA,5
sYYeYhi8rgouTLafXbyDQA,5
uvsEOmXy5NxmYV91HIQQ9A,5
wdNx0NH16pXVBGJ-jLb2Nw,4
7-CeEdbs7WwGSt5Z6LNMoA,4
0xXR7OqVT6ghyDmyBh3EJA,4
hJc-DtYzBu-lm61jum5OfQ,3
g3BgydZdcvVz3t4QntYzQg,5
wh2pLUZjp38xLc4Tkixk3Q,5
rov3Uf9ar7aXTJ-AosuE-A,5
BpJeFJ1ai2aqwrRboLHpfw,1
U3SoSiUg-pyS8IsSIoCnOg,4
gBOpWtIjjsXGDPM1kQamMg,5
n0uk867XhZPGdApG89Vjnw,5
1Fz8vGnBIr68aj1_eO19hA,5
csxatQd-eFmm5Iobua3Q3A,5
R7uVNskNHjbWlHI4lJmaqw,1
vFn4CJhF_VWkYV9rb2UQag,5
Tt7O3jugA1IW4cGMUkeKHQ,2
__x68FCfbsTPtXNMFU4OJQ,4
pn_x8a0oNHeYqQ5T0ohzfg,5
0Tg4gNgpEMLUL4XNSo1XWg,5
6SeKK9d2dIhrlzHv1_kFDQ,5
wDX28BbSVRqsFLX33Wob0w,4
xjVBbGtRbrGjgVA7BqZkSg,5
RB2SGMudQiqZ9E_6o7n3bg,1
aBopmhcKMK0ZVWRpRf6_Dw,4
9HApXwSbRmkfos2_zbJWcw,1
BpfXayxjkT6fnoHP4QGaFg,5
BlM6BGqTGnlBO0hfhbnYaw,2
9qbMeiRcHm8kjp51S68dWQ,5
HDG0QhmoNtvY3pNtjuFLIw,5
ZAPnTnF4b6ultVqlZptDzQ,5
3G1J5_XRIPvAFt0Kqju_0Q,2
aZtE1Vg0H7IRfxR0F-jZWA,1
09escmbUYH3s6poElceOnQ,1
TP6EjNyq0GZ_gk8T-poBcQ,4
Sr5QdgRh53au9h11ir-9vQ,1
xyIt7G7Tbs0n4DwG05nOsg,3
h5Vdnr2vud7uVTCfur0M5w,5
NL60va5FIkR3qRwH8Bl7bQ,5
N96jVYhLZQGBBZQ1r_sLRQ,4
nKWkEaF4Kwahl3yrEVzBEw,1
SgyTlOLUFuEwPTmgjA-TGw,5
LswnDB_KgqoV13trpatg-g,5
Dc1cfZBvZb5FNx2oZaXLwA,4
h4v1h6y2Gb0rZJiX9RlQzg,4
43kUD559QhqCQz5m0j7YiQ,3
4TrATxG-AdA-nyXG_zYRmA,1
0drWExnIh6w3tiCELsYGVw,2
Ix-OF50AdaeVh3yBJwoCAQ,5
MXKOSWP4iZ9NpE1F15drGA,3
sZFsGZD31v6MCn0J1XxWng,4
WgKAlVk92B9oa6eLHcXgJw,4
Q1ytcVufyp_UZfHYatjmTg,5
vrIqkXw90bQXazKJMRa6xQ,3
7RBCzHKV9bVZKO9zHIe7cA,4
RPEeAswdEj5ATZM7AqcF_w,5
SKC2MxeYo5-NfcODzoI9Xg,3
MHHGEz8pVUgwyQeWNecz6g,5
xiQ73zGxKIN8vQg6CrrMeQ,5
VDCbgdVJNHXRO4ca2HSaBA,5
ZTeOUUruDIpUIVp8PluEbg,5
cdqrTH1iUKGaXn6iGaD3Fg,2
_pggZvUdKH-65irmH9OWhQ,4
aaYuFhnn_T2Gqj3sPksvIg,5
CCXEk4xVL_7xYsY31h0F0w,5
YU8udzCYbUgfprh_reiDVw,4
EkArGkQ0Obx28yx1knT4mg,4
LTt9tZfJbBiv04jo3MtYUw,5
NuDysMeTsVZvq3N27li7cA,5
4YxoNEZy_MtF5dNL8Za4FA,5
3avqluMSCp-Ruq7eOKKQPw,4
YvBFP0OLU_xASWed8w9ZqA,4
u4SfLZiTjZg2G3YidjaPiQ,1
SxnSmbsF1DV3exGGRRJfqQ,5
RkzkDea_ll9H-CCHyB_q9A,5
rWtHCTzV2OSPOvUrLQ6F8w,4
-jWvC7bByaVcC6GAJ46bZQ,3
IFOYwNSoVJ0n8IcIXERpew,5
0vSd85VP5HzP6W1Ip9Z-eQ,4
vmem6OXCPo-PdkkcEo-DWg,4
ej7CuqL8uf7hWNsPuAU-9Q,5
5bjFP-BpIv3efUOnDGcLHg,5
a1v3MWmo27uj_dN9o0zuTQ,4
mSx-rmlEfr2gtkllYGr-ow,5
wnxandVk4iJI_S9E2l2mKw,5
q7TUW0utEeTNPgCZadLDAg,4
yUKLBbIOZO_Bsvlp7f_xpA,3
h6HUhJW_MYKNbvwk4GZn2Q,5
oFFnqjgTnGJutklzZhUKbQ,5
ZFJ9P7euHXmcIDYhw7DQSg,5
8epDpKMjGes1wiAdFWg4-A,5
rPKXBkS1pZKDUEQRa0VmAg,5
fRdBoNpSbY4mP_t8ZWnn4Q,4
uzaT-Ut10oa25lh8zZ9M7g,5
TfRu9-plQcqDbGInwO89wg,5
4ILtdmKIG5qsVQ0p28r_Dg,4
7UboqyPAvXQrkNhGTKhWiA,4
kJypY9v8EF1a8HAfqH5rzQ,3
KdMcHg8rX9D8Kb8Smd9hGQ,5
75NTs0-3gPnDbSAatUqufQ,2
1Ml5LjySH3TfVJKxQ08nbg,1
jhEOhKhCxYJ_ydSGi9BlfQ,5
TwoUlXNg7h8A7X0CSTvJQA,5
jrEDs_65EalcxJzU4-Yi7Q,1
gyo915JhZVue-m8MkRy9ng,2
jwfGYx0Ns4nwE6rDwPOWzA,5
KD57w7GmhsFtnct2bHhpEA,5
7I5tTKmGWemyrQDTsa5sOQ,5
FozURego3iURQviEkM9OMA,5
l0YeBTk6iltqAcwUSUn7CQ,5
P9jk_cOlv9XiM1oZZUIx_A,1
FXqXoXXwuR9bV4ptP0HIzA,2
XIe9btPnuZVW_kf_dbxDKQ,5
1U4EjTbbVuIMR8bMjHboTw,5
yxtfxNEYYYlQeNlgiNtySQ,5
-NHTeFbJKImaHw1PuDOJng,5
oRK4Cvz7GdvfrE-6erT--g,5
MoG4pF6iVlMFW9wF5KQ19g,5
XuUhqG2ZQxsmSnxtugOUlg,5
DBiwPlQ5L2BV1nzWVKX6vg,3
7-RWWVDci18m-S7yuSX1xA,2
VIRmjf5rQNOmgSg2KRjW2Q,5
i7ACRySEfgA0aNp4L4kL7Q,5
l3dYELlq3eidxJQLlIr5UQ,5
C6_TxJpx9SSnbyc5DttJzA,3
E13_O6ZbQu0HN5At4oMxwg,4
vdJmVniA9S_cYGMQIst8tw,3
h9V3lGPbRZraVtZS9TcrSg,5
zWGTDwXQzCMsu1a5Q5ge9Q,3
FPz_WXPCYTOSs7gwCZ_6uQ,5
wX1OdqCr7ZoUSdbew-9e6Q,5
nsy5Dk1MTFMv7yH27e8v3Q,5
k6UO0eEs6xfcv31BisvuuQ,4
9JWiU5oTph9wEWtB4rsZlg,5
OLNDqTDKO_Ewdn_jPdrNSA,4
IsqYkcJXZkXkQ5eWvseQUg,5
7A1O1ztRC492UHS_ApZESA,4
cF5Eq3S9cvaQPPqBNKhzCg,4
jlcAmb8qbJbBoS4bB74N2w,5
vRsE2KakDzUI5ojzE6BGqQ,5
JfNV_U4jLH9Ib-bJkVK_DQ,4
SFPsqFdmpbs0-SPmW8-oeQ,5
N7uj2PYcgV2D5aLXuvpnDg,3
WAzpsDo-KeS_IXoQfhuUqg,3
REe6i6DTsm0Q8cegDdncYQ,5
a1xb8dpxHNnOZCukpOsePg,5
1EAhe8dGPbc3GdIsH6Kahw,5
_RRFm-1-3-cXRy0K11YyXg,4
ugWLElUlcncJI6V1g396mQ,1
5Fg9pt37NObgbhlAuQ9KxA,5
Wzq1q0_YRizToX3OiFSZ5g,5
mQVM5SvRMK1Uu5hXZ_mssg,5
dbZ-M0MGdYTMRCvmqubeRQ,2
1cP8quU03nGyg-vr36lrXQ,3
sb7jSdjhJVaWmp-jxKmIbA,5
QfPqX98bamZDSTMoZEJY-Q,2
Iq_umt_W5AF6t4qbcWs1rQ,5
l5tHohU6CgopwNc25b3Law,2
KiHV3biJ_r4FpkH6nCLWOQ,5
XV3ZqmLb7NPSeHcxxQfdEw,4
YyBOUN2IzHmrQ1pxyz8bOg,2
R0TK3xsOCod4XgtXo-XvCQ,5
phazPtrsdTkA8d9x6J6d6g,2
WKl8YQG7LdOi8eP96j4_fw,5
XUDqncZalF9XqUVUgkjnSg,3
v4Kcqg_V6MAxO9h-HXdiRw,2
gjZ-bLeEhM_sK0Pwvz9ZPg,3
p0iGcKRgvZrDSmVPjcEdUQ,5
mSLftJ0xW5-LIon6ktacEA,5
ThYXtHJD_4FO49J3e0IXpg,3
kZ25Nxv_KQzKpYkc68MFlg,5
eNAAd-_UL4t4X2Fx03XMDQ,5
fB7GK5Gyjn7Oy4AxsLzXTA,5
R7GnoVWDHkba_RoHCO9cBw,3
swGvCH4K9ZY2FJImTRdUIA,1
WlnSnq7R9lDddFXT-VLeJQ,1
N6kkRhV-uHCSq-jo7HKkdw,5
GW4m9FikvqlLo2stq2KJbA,4
rxR9iKfrf7pfBWoRzS_Oyw,4
yq_imXuNQrnGq3e83VaCcw,3
pz0OdhnfM1sDKosNJf1-wg,5
zKBXwqMmN5gbxKIzZ2RDuA,4
_OYSqUYAJFC4M5dG165vIA,5
I9RmKfshF1KYxqICUxE-Aw,2
eqbr3NSOOlaBiaOEsEYMUA,2
RuQpZgvgHLITKgD0D-wrxg,5
XEfxF2xQydaDnI-qXIw78w,4
jOgisOl9BN4oyD_csVuUcg,1
QzlHQNrRNDlNK7t9A2mGqg,5
6MHJTcn0GLmFfzHfhk25GA,1
UqtH4J9yV74GdP3nGLsu3Q,4
ohFdY3hUqRJkBnRNX9BmUQ,5
vV02dD1SBKICxW3a2Mxz8Q,5
_gLBK2QihMLbyWh5ir06tQ,5
kaLQuut9X2WF-fhr6N7t-Q,4
Pmh_X_nK1eMd0oNcQGqoIQ,4
S_vevAxTrk3WrsWiqr4zQA,5
dKIyK977qdnapBDTmA-lug,2
jS9wNmbkQ6ukaVNToyVTrQ,5
j8DHqcOVHNbF9n_RZgMqsw,4
hlr9fa6CVSWlJ5OX5J8o5w,4
prrvDhoaTyrLp0K35r0DXg,3
5cBok9zXbwtS2_sVJP36rw,5
BSkiY6sRjfhreCoYHrvx5Q,5
Jme3jVECMuW_RT9KwG7c4Q,5
7P7WzeTCbvZIl6y-GVX6pA,3
_Enl4TDDepK74IxWR8PTJw,1
Xk9NnOnMVHsDmNv-4zT5iw,2
INg-17l1JI8vWGcx-s80hg,5
E01ZItMqInu-quEVu33f1g,4
_nmlJ1K-_0zvUlBUAjQE-A,5
6E3hk05Dxy5H7rPOfjbJDA,1
zaGAiF0U0fWgnXcnX7w4bQ,5
3d9PeMTvdfn8OfY1HFYMYA,5
EMG_Czz2uSc8rgBmZfXrwg,1
Ryw_0CxUtgFUCEvT7iQaRg,4
6X2tOb1Tph7LnHPMapSoHw,5
WERN4oQ1qV84Y7zucsHPHQ,4
IRGQqOhNFilEdXZqugjmAA,5
9TJrY9buUm0ZT6jh21tOIw,5
1xPnKV6FFaE7a1Lj8_q4PQ,5
7G87tfy7uCcqyeEpAzCdwA,4
Sf6i3nY5xvz5D_FH7_mvGQ,3
5iNZiZruvmBTzsTQxjPuwg,5
4IQJTszUOBwOeuctwkYARA,5
XxfC_QORGVWfIQ26ZkX8YA,4
sg11wNVk2UUio6K9nozPBQ,3
iVGYiGJooSJ3f87IQGC5Kw,5
XLxDzKAqtxSVI5Am5moT6w,5
hBw6fqCnVW-uzANNzcGZdg,1
skmnU2ccTmfkFozhseSa7Q,2
lfTQQujTDReGLs3BOzJBvw,4
x0mR7cKWqGnHCmABsXCh2g,2
HrLY3eBfLs2iLO-m7qnryQ,4
JUXqXToQOqF3o2LjexB00g,1
BeF5lWo56RxVX5hHdv8lkQ,5
oJ9m_MojZaaMdjrwseV4YQ,5
6c2prNZuTQOxJ5tR6Y2KAQ,2
JR4MhitpL_JjqldlFq81Sg,5
B4VWl3tb1_H_DQzgU5iPuw,5
19t8qG5e2SNMPjtOTyR32A,3
l4l0F1xfeVEHEYy2jbxASQ,2
reZCffs67csqbyWdxebhpw,4
eWLboT-abuMyqopa1oObIQ,5
oxOavJUyAiwjq6pJwazLSw,2
PIgB3NVHexFDv16ORgC0xg,1
VqTL0CUmQ0Qxz3kylw3Whg,1
AvU5UYQ4DOZXG6jbyEb2Uw,2
ifFM0R-hOTABGMDpicgBxA,3
daAcrRHPTd0TDjSEI540Wg,4
e5r8lMWY7-nCSslVoqZOgA,5
9NnQB6pdA_vfNZhWb0Ez3w,2
TMruxFxIwxLQWMtWxx3h5Q,5
7-qi5LQnjjJJ-mVCuUgtig,5
W-9LV2n4CjRMzXdLiqbsxA,5
r2VTeuqAV84Jh1odS1g6TQ,2
JAlh2-s06XwkBzu8FXeAkQ,4
iGBUVRXzDOyoWSedih5JFQ,5
uPwlSMeI-wvW3UtRGqScKQ,4
NTMMofRyHIN1aAwwp3xdRA,5
auJ3tOHWVN593s48gMEZAA,4
z8_kPnWkBsITTY7CjcIZQQ,4
xqo9xCZgK2Ws0tcRcJltJg,4
tKb2ykTDFsJoFDYTOElaVA,1
AHTrKUsbd6z2t1vzilLm3g,5
